2026-02-19 22:38:58 [main] INFO  c.f.fullDetailedDemo.Elmostashar - Starting Elmostashar v0.0.1-SNAPSHOT using Java 21.0.10 with PID 1 (/app/app.jar started by spring in /app)
2026-02-19 22:38:58 [main] DEBUG c.f.fullDetailedDemo.Elmostashar - Running with Spring Boot v4.0.0, Spring v7.0.1
2026-02-19 22:38:58 [main] INFO  c.f.fullDetailedDemo.Elmostashar - No active profile set, falling back to 1 default profile: "default"
2026-02-19 22:39:00 [main] INFO  o.s.d.r.c.RepositoryConfigurationDelegate - Bootstrapping Spring Data JPA repositories in DEFAULT mode.
2026-02-19 22:39:00 [main] INFO  o.s.d.r.c.RepositoryConfigurationDelegate - Finished Spring Data repository scanning in 96 ms. Found 5 JPA repository interfaces.
2026-02-19 22:39:02 [main] INFO  o.s.boot.tomcat.TomcatWebServer - Tomcat initialized with port 8080 (http)
2026-02-19 22:39:02 [main] INFO  o.a.catalina.core.StandardService - Starting service [Tomcat]
2026-02-19 22:39:02 [main] INFO  o.a.catalina.core.StandardEngine - Starting Servlet engine: [Apache Tomcat/11.0.14]
2026-02-19 22:39:02 [main] INFO  o.s.b.w.c.s.WebApplicationContextInitializer - Root WebApplicationContext: initialization completed in 3863 ms
2026-02-19 22:39:02 [main] INFO  com.zaxxer.hikari.HikariDataSource - HikariPool-1 - Starting...
2026-02-19 22:39:03 [main] INFO  com.zaxxer.hikari.pool.HikariPool - HikariPool-1 - Added connection org.postgresql.jdbc.PgConnection@f849027
2026-02-19 22:39:03 [main] INFO  com.zaxxer.hikari.HikariDataSource - HikariPool-1 - Start completed.
2026-02-19 22:39:03 [main] INFO  o.h.jpa.internal.util.LogHelper - HHH000204: Processing PersistenceUnitInfo [name: default]
2026-02-19 22:39:03 [main] INFO  org.hibernate.Version - HHH000412: Hibernate ORM core version 7.1.8.Final
2026-02-19 22:39:05 [main] INFO  o.s.o.j.p.SpringPersistenceUnitInfo - No LoadTimeWeaver setup: ignoring JPA class transformer
2026-02-19 22:39:05 [main] WARN  org.hibernate.orm.deprecation - HHH90000025: PostgreSQLDialect does not need to be specified explicitly using 'hibernate.dialect' (remove the property setting and it will be selected by default)
2026-02-19 22:39:05 [main] INFO  o.hibernate.orm.connections.pooling - HHH10001005: Database info:
	Database JDBC URL [jdbc:postgresql://postgres:5432/fullDetails]
	Database driver: PostgreSQL JDBC Driver
	Database dialect: PostgreSQLDialect
	Database version: 16.11
	Default catalog/schema: fullDetails/public
	Autocommit mode: undefined/unknown
	Isolation level: READ_COMMITTED [default READ_COMMITTED]
	JDBC fetch size: none
	Pool: DatasourceConnectionProviderImpl
	Minimum pool size: undefined/unknown
	Maximum pool size: undefined/unknown
2026-02-19 22:39:07 [main] INFO  o.h.e.t.j.p.i.JtaPlatformInitiator - HHH000489: No JTA platform available (set 'hibernate.transaction.jta.platform' to enable JTA platform integration)
2026-02-19 22:39:07 [main] INFO  o.s.o.j.LocalContainerEntityManagerFactoryBean - Initialized JPA EntityManagerFactory for persistence unit 'default'
2026-02-19 22:39:07 [main] INFO  o.s.d.j.r.q.QueryEnhancerFactories - Hibernate is in classpath; If applicable, HQL parser will be used.
2026-02-19 22:39:08 [main] DEBUG c.f.f.c.s.JwtAuthenticationFilter - Filter 'jwtAuthenticationFilter' configured for use
2026-02-19 22:39:08 [main] TRACE o.s.c.a.AnnotationCacheOperationSource - Adding cacheable method 'createCase' with operations: [Builder[public com.fullDetailed.fullDetailedDemo.domain.dtos.Case.CaseResponseDto com.fullDetailed.fullDetailedDemo.services.impl.admin.AdminCaseManagementServiceImpl.createCase(com.fullDetailed.fullDetailedDemo.domain.dtos.Case.CaseRequestDto)] caches=[cases] | key='' | keyGenerator='' | cacheManager='' | cacheResolver='' | condition='',true,false]
2026-02-19 22:39:08 [main] TRACE o.s.c.a.AnnotationCacheOperationSource - Adding cacheable method 'getAllCases' with operations: [Builder[public org.springframework.data.domain.Page com.fullDetailed.fullDetailedDemo.services.impl.admin.AdminCaseManagementServiceImpl.getAllCases(org.springframework.data.domain.Pageable)] caches=[cases] | key=''all:'+#pageable.pageNumber+':'+ #pageable.pageSize' | keyGenerator='' | cacheManager='' | cacheResolver='' | condition='' | unless='' | sync='false']
2026-02-19 22:39:08 [main] TRACE o.s.c.a.AnnotationCacheOperationSource - Adding cacheable method 'getCaseById' with operations: [Builder[public com.fullDetailed.fullDetailedDemo.domain.dtos.Case.CaseResponseDto com.fullDetailed.fullDetailedDemo.services.impl.admin.AdminCaseManagementServiceImpl.getCaseById(java.util.UUID)] caches=[cases] | key=''id:' + #caseId' | keyGenerator='' | cacheManager='' | cacheResolver='' | condition='' | unless='' | sync='false']
2026-02-19 22:39:08 [main] TRACE o.s.c.a.AnnotationCacheOperationSource - Adding cacheable method 'updateCase' with operations: [Builder[public void com.fullDetailed.fullDetailedDemo.services.impl.admin.AdminCaseManagementServiceImpl.updateCase(java.util.UUID,com.fullDetailed.fullDetailedDemo.domain.dtos.Case.CaseRequestDto)] caches=[cases] | key='' | keyGenerator='' | cacheManager='' | cacheResolver='' | condition='',true,false]
2026-02-19 22:39:08 [main] TRACE o.s.c.a.AnnotationCacheOperationSource - Adding cacheable method 'deleteCase' with operations: [Builder[public void com.fullDetailed.fullDetailedDemo.services.impl.admin.AdminCaseManagementServiceImpl.deleteCase(java.util.UUID)] caches=[cases] | key='' | keyGenerator='' | cacheManager='' | cacheResolver='' | condition='',true,false]
2026-02-19 22:39:08 [main] TRACE o.s.c.a.AnnotationCacheOperationSource - Adding cacheable method 'getAllFullyAssignedCases' with operations: [Builder[public org.springframework.data.domain.Page com.fullDetailed.fullDetailedDemo.services.impl.admin.AdminCaseManagementServiceImpl.getAllFullyAssignedCases(org.springframework.data.domain.Pageable)] caches=[cases] | key=''fullyAssigned:' + #pageable.pageNumber' | keyGenerator='' | cacheManager='' | cacheResolver='' | condition='' | unless='' | sync='false']
2026-02-19 22:39:08 [main] TRACE o.s.c.a.AnnotationCacheOperationSource - Adding cacheable method 'importCasesFromCsv' with operations: [Builder[public void com.fullDetailed.fullDetailedDemo.services.impl.admin.AdminCaseManagementServiceImpl.importCasesFromCsv(org.springframework.web.multipart.MultipartFile)] caches=[cases] | key='' | keyGenerator='' | cacheManager='' | cacheResolver='' | condition='',true,false]
2026-02-19 22:39:08 [main] TRACE o.s.c.a.AnnotationCacheOperationSource - Adding cacheable method 'getCasesByStatus' with operations: [Builder[public org.springframework.data.domain.Page com.fullDetailed.fullDetailedDemo.services.impl.admin.AdminCaseManagementServiceImpl.getCasesByStatus(com.fullDetailed.fullDetailedDemo.domain.enums.CaseStatus,org.springframework.data.domain.Pageable)] caches=[cases] | key=''status:' + #status + ':' + #pageable.pageNumber + ':' + #pageable.pageSize' | keyGenerator='' | cacheManager='' | cacheResolver='' | condition='' | unless='' | sync='false']
2026-02-19 22:39:08 [main] TRACE o.s.c.a.AnnotationCacheOperationSource - Adding cacheable method 'getAllDeletedCases' with operations: [Builder[public org.springframework.data.domain.Page com.fullDetailed.fullDetailedDemo.services.impl.admin.AdminCaseManagementServiceImpl.getAllDeletedCases(org.springframework.data.domain.Pageable)] caches=[cases] | key=''deleted:' + #pageable.pageNumber' | keyGenerator='' | cacheManager='' | cacheResolver='' | condition='' | unless='' | sync='false']
2026-02-19 22:39:08 [main] TRACE o.s.c.a.AnnotationCacheOperationSource - Adding cacheable method 'assignCaseToJudge' with operations: [Builder[public void com.fullDetailed.fullDetailedDemo.services.impl.admin.AdminCaseManagementServiceImpl.assignCaseToJudge(java.util.UUID,java.util.UUID)] caches=[cases] | key='' | keyGenerator='' | cacheManager='' | cacheResolver='' | condition='',true,false]
2026-02-19 22:39:08 [main] TRACE o.s.c.a.AnnotationCacheOperationSource - Adding cacheable method 'uploadCaseFiles' with operations: [Builder[public java.util.List com.fullDetailed.fullDetailedDemo.services.impl.admin.AdminCaseManagementServiceImpl.uploadCaseFiles(java.util.UUID,java.util.List)] caches=[cases] | key='' | keyGenerator='' | cacheManager='' | cacheResolver='' | condition='',true,false]
2026-02-19 22:39:08 [main] TRACE o.s.c.a.AnnotationCacheOperationSource - Adding cacheable method 'createUser' with operations: [Builder[public com.fullDetailed.fullDetailedDemo.domain.dtos.judge.UserResponseDto com.fullDetailed.fullDetailedDemo.services.impl.admin.AdminUserManagementServiceImpl.createUser(com.fullDetailed.fullDetailedDemo.domain.dtos.judge.CreateUserDto)] caches=[users_list] | key='' | keyGenerator='' | cacheManager='' | cacheResolver='' | condition='',true,false]
2026-02-19 22:39:08 [main] TRACE o.s.c.a.AnnotationCacheOperationSource - Adding cacheable method 'getUserById' with operations: [Builder[public com.fullDetailed.fullDetailedDemo.domain.dtos.UserProfileResponseDto com.fullDetailed.fullDetailedDemo.services.impl.admin.AdminUserManagementServiceImpl.getUserById(java.util.UUID)] caches=[user_profile] | key='#userId' | keyGenerator='' | cacheManager='' | cacheResolver='' | condition='' | unless='' | sync='false']
2026-02-19 22:39:08 [main] TRACE o.s.c.a.AnnotationCacheOperationSource - Adding cacheable method 'getAllActivatedLawyers' with operations: [Builder[public org.springframework.data.domain.Page com.fullDetailed.fullDetailedDemo.services.impl.admin.AdminUserManagementServiceImpl.getAllActivatedLawyers(org.springframework.data.domain.Pageable)] caches=[users_list] | key='{#root.methodName, #pageable}' | keyGenerator='' | cacheManager='' | cacheResolver='' | condition='' | unless='' | sync='false']
2026-02-19 22:39:08 [main] TRACE o.s.c.a.AnnotationCacheOperationSource - Adding cacheable method 'getAllDeactivatedLawyers' with operations: [Builder[public org.springframework.data.domain.Page com.fullDetailed.fullDetailedDemo.services.impl.admin.AdminUserManagementServiceImpl.getAllDeactivatedLawyers(org.springframework.data.domain.Pageable)] caches=[users_list] | key='{#root.methodName, #pageable}' | keyGenerator='' | cacheManager='' | cacheResolver='' | condition='' | unless='' | sync='false']
2026-02-19 22:39:08 [main] TRACE o.s.c.a.AnnotationCacheOperationSource - Adding cacheable method 'activateUserById' with operations: [Builder[public void com.fullDetailed.fullDetailedDemo.services.impl.admin.AdminUserManagementServiceImpl.activateUserById(java.util.UUID)] caches=[user_profile] | key='#userId' | keyGenerator='' | cacheManager='' | cacheResolver='' | condition='',false,false, Builder[public void com.fullDetailed.fullDetailedDemo.services.impl.admin.AdminUserManagementServiceImpl.activateUserById(java.util.UUID)] caches=[users_list] | key='' | keyGenerator='' | cacheManager='' | cacheResolver='' | condition='',true,false]
2026-02-19 22:39:08 [main] TRACE o.s.c.a.AnnotationCacheOperationSource - Adding cacheable method 'deActivateUserById' with operations: [Builder[public void com.fullDetailed.fullDetailedDemo.services.impl.admin.AdminUserManagementServiceImpl.deActivateUserById(java.util.UUID)] caches=[user_profile] | key='#userId' | keyGenerator='' | cacheManager='' | cacheResolver='' | condition='',false,false, Builder[public void com.fullDetailed.fullDetailedDemo.services.impl.admin.AdminUserManagementServiceImpl.deActivateUserById(java.util.UUID)] caches=[users_list] | key='' | keyGenerator='' | cacheManager='' | cacheResolver='' | condition='',true,false]
2026-02-19 22:39:08 [main] TRACE o.s.c.a.AnnotationCacheOperationSource - Adding cacheable method 'deleteUserById' with operations: [Builder[public void com.fullDetailed.fullDetailedDemo.services.impl.admin.AdminUserManagementServiceImpl.deleteUserById(java.util.UUID)] caches=[user_profile] | key='#userId' | keyGenerator='' | cacheManager='' | cacheResolver='' | condition='',false,false, Builder[public void com.fullDetailed.fullDetailedDemo.services.impl.admin.AdminUserManagementServiceImpl.deleteUserById(java.util.UUID)] caches=[users_list] | key='' | keyGenerator='' | cacheManager='' | cacheResolver='' | condition='',true,false]
2026-02-19 22:39:08 [main] TRACE o.s.c.a.AnnotationCacheOperationSource - Adding cacheable method 'getAllLawyerProfile' with operations: [Builder[public org.springframework.data.domain.Page com.fullDetailed.fullDetailedDemo.services.impl.admin.AdminUserManagementServiceImpl.getAllLawyerProfile(org.springframework.data.domain.Pageable)] caches=[users_list] | key='{#root.methodName, #pageable}' | keyGenerator='' | cacheManager='' | cacheResolver='' | condition='' | unless='' | sync='false']
2026-02-19 22:39:08 [main] TRACE o.s.c.a.AnnotationCacheOperationSource - Adding cacheable method 'getAllJudgesProfile' with operations: [Builder[public org.springframework.data.domain.Page com.fullDetailed.fullDetailedDemo.services.impl.admin.AdminUserManagementServiceImpl.getAllJudgesProfile(org.springframework.data.domain.Pageable)] caches=[users_list] | key='{#root.methodName, #pageable}' | keyGenerator='' | cacheManager='' | cacheResolver='' | condition='' | unless='' | sync='false']
2026-02-19 22:39:08 [main] TRACE o.s.c.a.AnnotationCacheOperationSource - Adding cacheable method 'updateJudgeProfile' with operations: [Builder[public void com.fullDetailed.fullDetailedDemo.services.impl.admin.AdminUserManagementServiceImpl.updateJudgeProfile(java.util.UUID,com.fullDetailed.fullDetailedDemo.domain.dtos.judge.JudgeProfileDto)] caches=[user_profile] | key='#judgeId' | keyGenerator='' | cacheManager='' | cacheResolver='' | condition='',false,false, Builder[public void com.fullDetailed.fullDetailedDemo.services.impl.admin.AdminUserManagementServiceImpl.updateJudgeProfile(java.util.UUID,com.fullDetailed.fullDetailedDemo.domain.dtos.judge.JudgeProfileDto)] caches=[users_list] | key='' | keyGenerator='' | cacheManager='' | cacheResolver='' | condition='',true,false]
2026-02-19 22:39:08 [main] TRACE o.s.c.a.AnnotationCacheOperationSource - Adding cacheable method 'getAllApprovedLawyers' with operations: [Builder[public org.springframework.data.domain.Page com.fullDetailed.fullDetailedDemo.services.impl.admin.AdminUserManagementServiceImpl.getAllApprovedLawyers(org.springframework.data.domain.Pageable)] caches=[users_list] | key='{#root.methodName, #pageable}' | keyGenerator='' | cacheManager='' | cacheResolver='' | condition='' | unless='' | sync='false']
2026-02-19 22:39:08 [main] TRACE o.s.c.a.AnnotationCacheOperationSource - Adding cacheable method 'getAllRejectedLawyers' with operations: [Builder[public org.springframework.data.domain.Page com.fullDetailed.fullDetailedDemo.services.impl.admin.AdminUserManagementServiceImpl.getAllRejectedLawyers(org.springframework.data.domain.Pageable)] caches=[users_list] | key='{#root.methodName, #pageable}' | keyGenerator='' | cacheManager='' | cacheResolver='' | condition='' | unless='' | sync='false']
2026-02-19 22:39:08 [main] TRACE o.s.c.a.AnnotationCacheOperationSource - Adding cacheable method 'acceptLawyerApprovalById' with operations: [Builder[public void com.fullDetailed.fullDetailedDemo.services.impl.admin.AdminUserManagementServiceImpl.acceptLawyerApprovalById(java.util.UUID)] caches=[user_profile] | key='#userId' | keyGenerator='' | cacheManager='' | cacheResolver='' | condition='',false,false, Builder[public void com.fullDetailed.fullDetailedDemo.services.impl.admin.AdminUserManagementServiceImpl.acceptLawyerApprovalById(java.util.UUID)] caches=[users_list] | key='' | keyGenerator='' | cacheManager='' | cacheResolver='' | condition='',true,false]
2026-02-19 22:39:08 [main] TRACE o.s.c.a.AnnotationCacheOperationSource - Adding cacheable method 'rejectLawyerApprovalById' with operations: [Builder[public void com.fullDetailed.fullDetailedDemo.services.impl.admin.AdminUserManagementServiceImpl.rejectLawyerApprovalById(java.util.UUID)] caches=[user_profile] | key='#userId' | keyGenerator='' | cacheManager='' | cacheResolver='' | condition='',false,false, Builder[public void com.fullDetailed.fullDetailedDemo.services.impl.admin.AdminUserManagementServiceImpl.rejectLawyerApprovalById(java.util.UUID)] caches=[users_list] | key='' | keyGenerator='' | cacheManager='' | cacheResolver='' | condition='',true,false]
2026-02-19 22:39:08 [main] TRACE o.s.c.a.AnnotationCacheOperationSource - Adding cacheable method 'getAllActivatedJudges' with operations: [Builder[public org.springframework.data.domain.Page com.fullDetailed.fullDetailedDemo.services.impl.admin.AdminUserManagementServiceImpl.getAllActivatedJudges(org.springframework.data.domain.Pageable)] caches=[users_list] | key='{#root.methodName, #pageable}' | keyGenerator='' | cacheManager='' | cacheResolver='' | condition='' | unless='' | sync='false']
2026-02-19 22:39:08 [main] TRACE o.s.c.a.AnnotationCacheOperationSource - Adding cacheable method 'getAllDeactivatedJudges' with operations: [Builder[public org.springframework.data.domain.Page com.fullDetailed.fullDetailedDemo.services.impl.admin.AdminUserManagementServiceImpl.getAllDeactivatedJudges(org.springframework.data.domain.Pageable)] caches=[users_list] | key='{#root.methodName, #pageable}' | keyGenerator='' | cacheManager='' | cacheResolver='' | condition='' | unless='' | sync='false']
2026-02-19 22:39:08 [main] TRACE o.s.c.a.AnnotationCacheOperationSource - Adding cacheable method 'getAllCaseRequestsByStatus' with operations: [Builder[public org.springframework.data.domain.Page com.fullDetailed.fullDetailedDemo.services.impl.admin.AdminUserManagementServiceImpl.getAllCaseRequestsByStatus(com.fullDetailed.fullDetailedDemo.domain.enums.RequestStatus,org.springframework.data.domain.Pageable)] caches=[case_requests] | key='{#status, #pageable}' | keyGenerator='' | cacheManager='' | cacheResolver='' | condition='' | unless='' | sync='false']
2026-02-19 22:39:08 [main] TRACE o.s.c.a.AnnotationCacheOperationSource - Adding cacheable method 'approveCaseAccessRequest' with operations: [Builder[public void com.fullDetailed.fullDetailedDemo.services.impl.admin.AdminUserManagementServiceImpl.approveCaseAccessRequest(java.util.UUID)] caches=[case_requests] | key='' | keyGenerator='' | cacheManager='' | cacheResolver='' | condition='',true,false, Builder[public void com.fullDetailed.fullDetailedDemo.services.impl.admin.AdminUserManagementServiceImpl.approveCaseAccessRequest(java.util.UUID)] caches=[users_list] | key='' | keyGenerator='' | cacheManager='' | cacheResolver='' | condition='',true,false, Builder[public void com.fullDetailed.fullDetailedDemo.services.impl.admin.AdminUserManagementServiceImpl.approveCaseAccessRequest(java.util.UUID)] caches=[user_profile] | key='' | keyGenerator='' | cacheManager='' | cacheResolver='' | condition='',true,false]
2026-02-19 22:39:08 [main] TRACE o.s.c.a.AnnotationCacheOperationSource - Adding cacheable method 'rejectCaseAccessRequest' with operations: [Builder[public void com.fullDetailed.fullDetailedDemo.services.impl.admin.AdminUserManagementServiceImpl.rejectCaseAccessRequest(java.util.UUID)] caches=[case_requests] | key='' | keyGenerator='' | cacheManager='' | cacheResolver='' | condition='',true,false]
2026-02-19 22:39:09 [main] WARN  o.s.b.j.a.JpaBaseConfiguration$JpaWebConfiguration - spring.jpa.open-in-view is enabled by default. Therefore, database queries may be performed during view rendering. Explicitly configure spring.jpa.open-in-view to disable this warning
2026-02-19 22:39:09 [main] INFO  o.s.s.c.a.a.c.InitializeUserDetailsBeanManagerConfigurer$InitializeUserDetailsManagerConfigurer - Global AuthenticationManager configured with UserDetailsService bean with name customUserServiceDetails
2026-02-19 22:39:11 [main] INFO  o.s.m.s.b.SimpleBrokerMessageHandler - Starting...
2026-02-19 22:39:11 [main] INFO  o.s.m.s.b.SimpleBrokerMessageHandler - BrokerAvailabilityEvent[available=true, SimpleBrokerMessageHandler [org.springframework.messaging.simp.broker.DefaultSubscriptionRegistry@25297d52]]
2026-02-19 22:39:11 [main] INFO  o.s.m.s.b.SimpleBrokerMessageHandler - Started.
2026-02-19 22:39:11 [main] INFO  o.s.boot.tomcat.TomcatWebServer - Tomcat started on port 8080 (http) with context path '/'
2026-02-19 22:39:11 [main] INFO  c.f.fullDetailedDemo.Elmostashar - Started Elmostashar in 14.156 seconds (process running for 15.581)
2026-02-19 22:39:38 [http-nio-8080-exec-1] INFO  o.a.c.c.C.[Tomcat].[localhost].[/] - Initializing Spring DispatcherServlet 'dispatcherServlet'
2026-02-19 22:39:38 [http-nio-8080-exec-1] INFO  o.s.web.servlet.DispatcherServlet - Initializing Servlet 'dispatcherServlet'
2026-02-19 22:39:38 [http-nio-8080-exec-1] INFO  o.s.web.servlet.DispatcherServlet - Completed initialization in 3 ms
2026-02-19 22:39:41 [http-nio-8080-exec-9] INFO  o.s.api.AbstractOpenApiResource - Init duration for springdoc-openapi is: 2012 ms
2026-02-19 22:40:11 [MessageBroker-1] INFO  o.s.w.s.c.WebSocketMessageBrokerStats - WebSocketSession[0 current WS(0)-HttpStream(0)-HttpPoll(0), 0 total, 0 closed abnormally (0 connect failure, 0 send limit, 0 transport error)], stompSubProtocol[processed CONNECT(0)-CONNECTED(0)-DISCONNECT(0)], stompBrokerRelay[null], inboundChannel[pool size = 0, active threads = 0, queued tasks = 0, completed tasks = 0], outboundChannel[pool size = 0, active threads = 0, queued tasks = 0, completed tasks = 0], sockJsScheduler[pool size = 1, active threads = 1, queued tasks = 0, completed tasks = 0]
2026-02-19 22:40:54 [SpringApplicationShutdownHook] INFO  o.s.boot.tomcat.GracefulShutdown - Commencing graceful shutdown. Waiting for active requests to complete
2026-02-19 22:40:54 [tomcat-shutdown] INFO  o.s.boot.tomcat.GracefulShutdown - Graceful shutdown complete
2026-02-19 22:40:54 [SpringApplicationShutdownHook] INFO  o.s.m.s.b.SimpleBrokerMessageHandler - Stopping...
2026-02-19 22:40:54 [SpringApplicationShutdownHook] INFO  o.s.m.s.b.SimpleBrokerMessageHandler - BrokerAvailabilityEvent[available=false, SimpleBrokerMessageHandler [org.springframework.messaging.simp.broker.DefaultSubscriptionRegistry@25297d52]]
2026-02-19 22:40:54 [SpringApplicationShutdownHook] INFO  o.s.m.s.b.SimpleBrokerMessageHandler - Stopped.
2026-02-19 22:40:54 [SpringApplicationShutdownHook] INFO  o.s.o.j.LocalContainerEntityManagerFactoryBean - Closing JPA EntityManagerFactory for persistence unit 'default'
2026-02-19 22:40:54 [SpringApplicationShutdownHook] INFO  com.zaxxer.hikari.HikariDataSource - HikariPool-1 - Shutdown initiated...
2026-02-19 22:40:54 [SpringApplicationShutdownHook] INFO  com.zaxxer.hikari.HikariDataSource - HikariPool-1 - Shutdown completed.
2026-02-19 22:40:57 [main] INFO  c.f.fullDetailedDemo.Elmostashar - Starting Elmostashar v0.0.1-SNAPSHOT using Java 21.0.10 with PID 1 (/app/app.jar started by spring in /app)
2026-02-19 22:40:57 [main] DEBUG c.f.fullDetailedDemo.Elmostashar - Running with Spring Boot v4.0.0, Spring v7.0.1
2026-02-19 22:40:57 [main] INFO  c.f.fullDetailedDemo.Elmostashar - No active profile set, falling back to 1 default profile: "default"
2026-02-19 22:40:59 [main] INFO  o.s.d.r.c.RepositoryConfigurationDelegate - Bootstrapping Spring Data JPA repositories in DEFAULT mode.
2026-02-19 22:40:59 [main] INFO  o.s.d.r.c.RepositoryConfigurationDelegate - Finished Spring Data repository scanning in 112 ms. Found 5 JPA repository interfaces.
2026-02-19 22:41:01 [main] INFO  o.s.boot.tomcat.TomcatWebServer - Tomcat initialized with port 8080 (http)
2026-02-19 22:41:01 [main] INFO  o.a.catalina.core.StandardService - Starting service [Tomcat]
2026-02-19 22:41:01 [main] INFO  o.a.catalina.core.StandardEngine - Starting Servlet engine: [Apache Tomcat/11.0.14]
2026-02-19 22:41:01 [main] INFO  o.s.b.w.c.s.WebApplicationContextInitializer - Root WebApplicationContext: initialization completed in 3472 ms
2026-02-19 22:41:01 [main] INFO  com.zaxxer.hikari.HikariDataSource - HikariPool-1 - Starting...
2026-02-19 22:41:01 [main] INFO  com.zaxxer.hikari.pool.HikariPool - HikariPool-1 - Added connection org.postgresql.jdbc.PgConnection@36d697ab
2026-02-19 22:41:01 [main] INFO  com.zaxxer.hikari.HikariDataSource - HikariPool-1 - Start completed.
2026-02-19 22:41:02 [main] INFO  o.h.jpa.internal.util.LogHelper - HHH000204: Processing PersistenceUnitInfo [name: default]
2026-02-19 22:41:02 [main] INFO  org.hibernate.Version - HHH000412: Hibernate ORM core version 7.1.8.Final
2026-02-19 22:41:02 [main] INFO  o.s.o.j.p.SpringPersistenceUnitInfo - No LoadTimeWeaver setup: ignoring JPA class transformer
2026-02-19 22:41:03 [main] WARN  org.hibernate.orm.deprecation - HHH90000025: PostgreSQLDialect does not need to be specified explicitly using 'hibernate.dialect' (remove the property setting and it will be selected by default)
2026-02-19 22:41:03 [main] INFO  o.hibernate.orm.connections.pooling - HHH10001005: Database info:
	Database JDBC URL [jdbc:postgresql://postgres:5432/fullDetails]
	Database driver: PostgreSQL JDBC Driver
	Database dialect: PostgreSQLDialect
	Database version: 16.11
	Default catalog/schema: fullDetails/public
	Autocommit mode: undefined/unknown
	Isolation level: READ_COMMITTED [default READ_COMMITTED]
	JDBC fetch size: none
	Pool: DatasourceConnectionProviderImpl
	Minimum pool size: undefined/unknown
	Maximum pool size: undefined/unknown
2026-02-19 22:41:04 [main] INFO  o.h.e.t.j.p.i.JtaPlatformInitiator - HHH000489: No JTA platform available (set 'hibernate.transaction.jta.platform' to enable JTA platform integration)
2026-02-19 22:41:04 [main] DEBUG org.hibernate.SQL - 
    set client_min_messages = WARNING
2026-02-19 22:41:04 [main] DEBUG org.hibernate.SQL - 
    alter table if exists case_files 
       drop constraint if exists FKga9g2n34bwd7xh4ccxsx98bfe
2026-02-19 22:41:04 [main] DEBUG org.hibernate.SQL - 
    alter table if exists case_files 
       drop constraint if exists FKq97x10ysy310jckh02s0pdntv
2026-02-19 22:41:04 [main] DEBUG org.hibernate.SQL - 
    alter table if exists case_requests 
       drop constraint if exists FKj7qqebncj0udvqdpntvx0yklb
2026-02-19 22:41:04 [main] DEBUG org.hibernate.SQL - 
    alter table if exists case_requests 
       drop constraint if exists FKptewc89oihmrvk52bvwunvmcp
2026-02-19 22:41:04 [main] DEBUG org.hibernate.SQL - 
    alter table if exists cases 
       drop constraint if exists FKeg3vv92i8tmpjd4boaeoi4f94
2026-02-19 22:41:04 [main] DEBUG org.hibernate.SQL - 
    alter table if exists cases 
       drop constraint if exists FK6l9dqxm562pqp8o6bwer6oyba
2026-02-19 22:41:04 [main] DEBUG org.hibernate.SQL - 
    alter table if exists cases 
       drop constraint if exists FK3xkk4p4hvu6kwe763a6i1hgu0
2026-02-19 22:41:04 [main] DEBUG org.hibernate.SQL - 
    alter table if exists model_results 
       drop constraint if exists FKe3xqqgcmy88kh2kngkcumpbo9
2026-02-19 22:41:04 [main] DEBUG org.hibernate.SQL - 
    alter table if exists notifications 
       drop constraint if exists FKqqnsjxlwleyjbxlmm213jaj3f
2026-02-19 22:41:04 [main] DEBUG org.hibernate.SQL - 
    drop table if exists case_files cascade
2026-02-19 22:41:04 [main] DEBUG org.hibernate.SQL - 
    drop table if exists case_requests cascade
2026-02-19 22:41:04 [main] DEBUG org.hibernate.SQL - 
    drop table if exists cases cascade
2026-02-19 22:41:04 [main] DEBUG org.hibernate.SQL - 
    drop table if exists model_results cascade
2026-02-19 22:41:04 [main] DEBUG org.hibernate.SQL - 
    drop table if exists notifications cascade
2026-02-19 22:41:04 [main] DEBUG org.hibernate.SQL - 
    drop table if exists users cascade
2026-02-19 22:41:04 [main] DEBUG org.hibernate.SQL - 
    create table case_files (
        uploaded_at timestamp(6),
        case_id uuid,
        id uuid not null,
        uploaded_by uuid,
        file_name varchar(255) not null,
        file_type varchar(255) check ((file_type in ('PDF','OTHER','DOCUMENT','IMAGE'))),
        file_url varchar(255),
        primary key (id)
    )
2026-02-19 22:41:04 [main] DEBUG org.hibernate.SQL - 
    create table case_requests (
        requested_at timestamp(6),
        case_id uuid not null,
        id uuid not null,
        lawyer_id uuid not null,
        status varchar(255) not null check ((status in ('PENDING','APPROVED','REJECTED'))),
        primary key (id)
    )
2026-02-19 22:41:04 [main] DEBUG org.hibernate.SQL - 
    create table cases (
        is_deleted boolean not null,
        created_at timestamp(6),
        assigned_by_id uuid,
        id uuid not null,
        judge_id uuid,
        lawyer_id uuid,
        description varchar(2000),
        case_number varchar(255) not null,
        court_ruling varchar(255),
        final_decision varchar(255),
        model_judgment varchar(255),
        model_summary varchar(255),
        status varchar(255) not null check ((status in ('PENDING','UNDER_DISCUSSION','COMPLETED'))),
        title varchar(255) not null,
        primary key (id)
    )
2026-02-19 22:41:04 [main] DEBUG org.hibernate.SQL - 
    create table model_results (
        confidence_score float(53) not null,
        created_at timestamp(6),
        case_id uuid unique,
        id uuid not null,
        judgment varchar(2000),
        summary varchar(5000),
        primary key (id)
    )
2026-02-19 22:41:04 [main] DEBUG org.hibernate.SQL - 
    create table notifications (
        is_read boolean not null,
        created_at timestamp(6),
        id uuid not null,
        recipient_id uuid not null,
        message varchar(255) not null,
        title varchar(255) not null,
        primary key (id)
    )
2026-02-19 22:41:04 [main] DEBUG org.hibernate.SQL - 
    create table users (
        age integer,
        assigned_cases_count integer,
        is_active boolean,
        is_approved boolean,
        is_deleted boolean,
        password_reseted boolean,
        created_at timestamp(6),
        otp_expiration_time timestamp(6),
        updated_at timestamp(6),
        id uuid not null,
        court varchar(255),
        email varchar(255) not null unique,
        first_name varchar(255) not null,
        last_name varchar(255) not null,
        national_id varchar(255) not null unique,
        otp_code varchar(255) not null,
        password varchar(255) not null,
        role varchar(255) not null check ((role in ('ADMIN','JUDGE','LAWYER','EMPTY'))),
        primary key (id)
    )
2026-02-19 22:41:04 [main] DEBUG org.hibernate.SQL - 
    create index idx_notification_recipient 
       on notifications (recipient_id)
2026-02-19 22:41:04 [main] DEBUG org.hibernate.SQL - 
    create index idx_notification_recipient_read 
       on notifications (recipient_id, is_read)
2026-02-19 22:41:04 [main] DEBUG org.hibernate.SQL - 
    alter table if exists case_files 
       add constraint FKga9g2n34bwd7xh4ccxsx98bfe 
       foreign key (case_id) 
       references cases
2026-02-19 22:41:04 [main] DEBUG org.hibernate.SQL - 
    alter table if exists case_files 
       add constraint FKq97x10ysy310jckh02s0pdntv 
       foreign key (uploaded_by) 
       references users
2026-02-19 22:41:04 [main] DEBUG org.hibernate.SQL - 
    alter table if exists case_requests 
       add constraint FKj7qqebncj0udvqdpntvx0yklb 
       foreign key (lawyer_id) 
       references users
2026-02-19 22:41:04 [main] DEBUG org.hibernate.SQL - 
    alter table if exists case_requests 
       add constraint FKptewc89oihmrvk52bvwunvmcp 
       foreign key (case_id) 
       references cases
2026-02-19 22:41:04 [main] DEBUG org.hibernate.SQL - 
    alter table if exists cases 
       add constraint FKeg3vv92i8tmpjd4boaeoi4f94 
       foreign key (assigned_by_id) 
       references users
2026-02-19 22:41:04 [main] DEBUG org.hibernate.SQL - 
    alter table if exists cases 
       add constraint FK6l9dqxm562pqp8o6bwer6oyba 
       foreign key (judge_id) 
       references users
2026-02-19 22:41:04 [main] DEBUG org.hibernate.SQL - 
    alter table if exists cases 
       add constraint FK3xkk4p4hvu6kwe763a6i1hgu0 
       foreign key (lawyer_id) 
       references users
2026-02-19 22:41:04 [main] DEBUG org.hibernate.SQL - 
    alter table if exists model_results 
       add constraint FKe3xqqgcmy88kh2kngkcumpbo9 
       foreign key (case_id) 
       references cases
2026-02-19 22:41:04 [main] DEBUG org.hibernate.SQL - 
    alter table if exists notifications 
       add constraint FKqqnsjxlwleyjbxlmm213jaj3f 
       foreign key (recipient_id) 
       references users
2026-02-19 22:41:04 [main] INFO  o.s.o.j.LocalContainerEntityManagerFactoryBean - Initialized JPA EntityManagerFactory for persistence unit 'default'
2026-02-19 22:41:05 [main] INFO  o.s.d.j.r.q.QueryEnhancerFactories - Hibernate is in classpath; If applicable, HQL parser will be used.
2026-02-19 22:41:06 [main] DEBUG c.f.f.c.s.JwtAuthenticationFilter - Filter 'jwtAuthenticationFilter' configured for use
2026-02-19 22:41:07 [main] TRACE o.s.c.a.AnnotationCacheOperationSource - Adding cacheable method 'createCase' with operations: [Builder[public com.fullDetailed.fullDetailedDemo.domain.dtos.Case.CaseResponseDto com.fullDetailed.fullDetailedDemo.services.impl.admin.AdminCaseManagementServiceImpl.createCase(com.fullDetailed.fullDetailedDemo.domain.dtos.Case.CaseRequestDto)] caches=[cases] | key='' | keyGenerator='' | cacheManager='' | cacheResolver='' | condition='',true,false]
2026-02-19 22:41:07 [main] TRACE o.s.c.a.AnnotationCacheOperationSource - Adding cacheable method 'getAllCases' with operations: [Builder[public org.springframework.data.domain.Page com.fullDetailed.fullDetailedDemo.services.impl.admin.AdminCaseManagementServiceImpl.getAllCases(org.springframework.data.domain.Pageable)] caches=[cases] | key=''all:'+#pageable.pageNumber+':'+ #pageable.pageSize' | keyGenerator='' | cacheManager='' | cacheResolver='' | condition='' | unless='' | sync='false']
2026-02-19 22:41:07 [main] TRACE o.s.c.a.AnnotationCacheOperationSource - Adding cacheable method 'getCaseById' with operations: [Builder[public com.fullDetailed.fullDetailedDemo.domain.dtos.Case.CaseResponseDto com.fullDetailed.fullDetailedDemo.services.impl.admin.AdminCaseManagementServiceImpl.getCaseById(java.util.UUID)] caches=[cases] | key=''id:' + #caseId' | keyGenerator='' | cacheManager='' | cacheResolver='' | condition='' | unless='' | sync='false']
2026-02-19 22:41:07 [main] TRACE o.s.c.a.AnnotationCacheOperationSource - Adding cacheable method 'updateCase' with operations: [Builder[public void com.fullDetailed.fullDetailedDemo.services.impl.admin.AdminCaseManagementServiceImpl.updateCase(java.util.UUID,com.fullDetailed.fullDetailedDemo.domain.dtos.Case.CaseRequestDto)] caches=[cases] | key='' | keyGenerator='' | cacheManager='' | cacheResolver='' | condition='',true,false]
2026-02-19 22:41:07 [main] TRACE o.s.c.a.AnnotationCacheOperationSource - Adding cacheable method 'deleteCase' with operations: [Builder[public void com.fullDetailed.fullDetailedDemo.services.impl.admin.AdminCaseManagementServiceImpl.deleteCase(java.util.UUID)] caches=[cases] | key='' | keyGenerator='' | cacheManager='' | cacheResolver='' | condition='',true,false]
2026-02-19 22:41:07 [main] TRACE o.s.c.a.AnnotationCacheOperationSource - Adding cacheable method 'importCasesFromCsv' with operations: [Builder[public void com.fullDetailed.fullDetailedDemo.services.impl.admin.AdminCaseManagementServiceImpl.importCasesFromCsv(org.springframework.web.multipart.MultipartFile)] caches=[cases] | key='' | keyGenerator='' | cacheManager='' | cacheResolver='' | condition='',true,false]
2026-02-19 22:41:07 [main] TRACE o.s.c.a.AnnotationCacheOperationSource - Adding cacheable method 'getCasesByStatus' with operations: [Builder[public org.springframework.data.domain.Page com.fullDetailed.fullDetailedDemo.services.impl.admin.AdminCaseManagementServiceImpl.getCasesByStatus(com.fullDetailed.fullDetailedDemo.domain.enums.CaseStatus,org.springframework.data.domain.Pageable)] caches=[cases] | key=''status:' + #status + ':' + #pageable.pageNumber + ':' + #pageable.pageSize' | keyGenerator='' | cacheManager='' | cacheResolver='' | condition='' | unless='' | sync='false']
2026-02-19 22:41:07 [main] TRACE o.s.c.a.AnnotationCacheOperationSource - Adding cacheable method 'getAllDeletedCases' with operations: [Builder[public org.springframework.data.domain.Page com.fullDetailed.fullDetailedDemo.services.impl.admin.AdminCaseManagementServiceImpl.getAllDeletedCases(org.springframework.data.domain.Pageable)] caches=[cases] | key=''deleted:' + #pageable.pageNumber' | keyGenerator='' | cacheManager='' | cacheResolver='' | condition='' | unless='' | sync='false']
2026-02-19 22:41:07 [main] TRACE o.s.c.a.AnnotationCacheOperationSource - Adding cacheable method 'assignCaseToJudge' with operations: [Builder[public void com.fullDetailed.fullDetailedDemo.services.impl.admin.AdminCaseManagementServiceImpl.assignCaseToJudge(java.util.UUID,java.util.UUID)] caches=[cases] | key='' | keyGenerator='' | cacheManager='' | cacheResolver='' | condition='',true,false]
2026-02-19 22:41:07 [main] TRACE o.s.c.a.AnnotationCacheOperationSource - Adding cacheable method 'uploadCaseFiles' with operations: [Builder[public java.util.List com.fullDetailed.fullDetailedDemo.services.impl.admin.AdminCaseManagementServiceImpl.uploadCaseFiles(java.util.UUID,java.util.List)] caches=[cases] | key='' | keyGenerator='' | cacheManager='' | cacheResolver='' | condition='',true,false]
2026-02-19 22:41:07 [main] TRACE o.s.c.a.AnnotationCacheOperationSource - Adding cacheable method 'getAllFullyAssignedCases' with operations: [Builder[public org.springframework.data.domain.Page com.fullDetailed.fullDetailedDemo.services.impl.admin.AdminCaseManagementServiceImpl.getAllFullyAssignedCases(org.springframework.data.domain.Pageable)] caches=[cases] | key=''fullyAssigned:' + #pageable.pageNumber' | keyGenerator='' | cacheManager='' | cacheResolver='' | condition='' | unless='' | sync='false']
2026-02-19 22:41:07 [main] TRACE o.s.c.a.AnnotationCacheOperationSource - Adding cacheable method 'createUser' with operations: [Builder[public com.fullDetailed.fullDetailedDemo.domain.dtos.judge.UserResponseDto com.fullDetailed.fullDetailedDemo.services.impl.admin.AdminUserManagementServiceImpl.createUser(com.fullDetailed.fullDetailedDemo.domain.dtos.judge.CreateUserDto)] caches=[users_list] | key='' | keyGenerator='' | cacheManager='' | cacheResolver='' | condition='',true,false]
2026-02-19 22:41:07 [main] TRACE o.s.c.a.AnnotationCacheOperationSource - Adding cacheable method 'getUserById' with operations: [Builder[public com.fullDetailed.fullDetailedDemo.domain.dtos.UserProfileResponseDto com.fullDetailed.fullDetailedDemo.services.impl.admin.AdminUserManagementServiceImpl.getUserById(java.util.UUID)] caches=[user_profile] | key='#userId' | keyGenerator='' | cacheManager='' | cacheResolver='' | condition='' | unless='' | sync='false']
2026-02-19 22:41:07 [main] TRACE o.s.c.a.AnnotationCacheOperationSource - Adding cacheable method 'getAllActivatedLawyers' with operations: [Builder[public org.springframework.data.domain.Page com.fullDetailed.fullDetailedDemo.services.impl.admin.AdminUserManagementServiceImpl.getAllActivatedLawyers(org.springframework.data.domain.Pageable)] caches=[users_list] | key='{#root.methodName, #pageable}' | keyGenerator='' | cacheManager='' | cacheResolver='' | condition='' | unless='' | sync='false']
2026-02-19 22:41:07 [main] TRACE o.s.c.a.AnnotationCacheOperationSource - Adding cacheable method 'getAllDeactivatedLawyers' with operations: [Builder[public org.springframework.data.domain.Page com.fullDetailed.fullDetailedDemo.services.impl.admin.AdminUserManagementServiceImpl.getAllDeactivatedLawyers(org.springframework.data.domain.Pageable)] caches=[users_list] | key='{#root.methodName, #pageable}' | keyGenerator='' | cacheManager='' | cacheResolver='' | condition='' | unless='' | sync='false']
2026-02-19 22:41:07 [main] TRACE o.s.c.a.AnnotationCacheOperationSource - Adding cacheable method 'getAllApprovedLawyers' with operations: [Builder[public org.springframework.data.domain.Page com.fullDetailed.fullDetailedDemo.services.impl.admin.AdminUserManagementServiceImpl.getAllApprovedLawyers(org.springframework.data.domain.Pageable)] caches=[users_list] | key='{#root.methodName, #pageable}' | keyGenerator='' | cacheManager='' | cacheResolver='' | condition='' | unless='' | sync='false']
2026-02-19 22:41:07 [main] TRACE o.s.c.a.AnnotationCacheOperationSource - Adding cacheable method 'getAllRejectedLawyers' with operations: [Builder[public org.springframework.data.domain.Page com.fullDetailed.fullDetailedDemo.services.impl.admin.AdminUserManagementServiceImpl.getAllRejectedLawyers(org.springframework.data.domain.Pageable)] caches=[users_list] | key='{#root.methodName, #pageable}' | keyGenerator='' | cacheManager='' | cacheResolver='' | condition='' | unless='' | sync='false']
2026-02-19 22:41:07 [main] TRACE o.s.c.a.AnnotationCacheOperationSource - Adding cacheable method 'acceptLawyerApprovalById' with operations: [Builder[public void com.fullDetailed.fullDetailedDemo.services.impl.admin.AdminUserManagementServiceImpl.acceptLawyerApprovalById(java.util.UUID)] caches=[user_profile] | key='#userId' | keyGenerator='' | cacheManager='' | cacheResolver='' | condition='',false,false, Builder[public void com.fullDetailed.fullDetailedDemo.services.impl.admin.AdminUserManagementServiceImpl.acceptLawyerApprovalById(java.util.UUID)] caches=[users_list] | key='' | keyGenerator='' | cacheManager='' | cacheResolver='' | condition='',true,false]
2026-02-19 22:41:07 [main] TRACE o.s.c.a.AnnotationCacheOperationSource - Adding cacheable method 'activateUserById' with operations: [Builder[public void com.fullDetailed.fullDetailedDemo.services.impl.admin.AdminUserManagementServiceImpl.activateUserById(java.util.UUID)] caches=[user_profile] | key='#userId' | keyGenerator='' | cacheManager='' | cacheResolver='' | condition='',false,false, Builder[public void com.fullDetailed.fullDetailedDemo.services.impl.admin.AdminUserManagementServiceImpl.activateUserById(java.util.UUID)] caches=[users_list] | key='' | keyGenerator='' | cacheManager='' | cacheResolver='' | condition='',true,false]
2026-02-19 22:41:07 [main] TRACE o.s.c.a.AnnotationCacheOperationSource - Adding cacheable method 'deActivateUserById' with operations: [Builder[public void com.fullDetailed.fullDetailedDemo.services.impl.admin.AdminUserManagementServiceImpl.deActivateUserById(java.util.UUID)] caches=[user_profile] | key='#userId' | keyGenerator='' | cacheManager='' | cacheResolver='' | condition='',false,false, Builder[public void com.fullDetailed.fullDetailedDemo.services.impl.admin.AdminUserManagementServiceImpl.deActivateUserById(java.util.UUID)] caches=[users_list] | key='' | keyGenerator='' | cacheManager='' | cacheResolver='' | condition='',true,false]
2026-02-19 22:41:07 [main] TRACE o.s.c.a.AnnotationCacheOperationSource - Adding cacheable method 'deleteUserById' with operations: [Builder[public void com.fullDetailed.fullDetailedDemo.services.impl.admin.AdminUserManagementServiceImpl.deleteUserById(java.util.UUID)] caches=[user_profile] | key='#userId' | keyGenerator='' | cacheManager='' | cacheResolver='' | condition='',false,false, Builder[public void com.fullDetailed.fullDetailedDemo.services.impl.admin.AdminUserManagementServiceImpl.deleteUserById(java.util.UUID)] caches=[users_list] | key='' | keyGenerator='' | cacheManager='' | cacheResolver='' | condition='',true,false]
2026-02-19 22:41:07 [main] TRACE o.s.c.a.AnnotationCacheOperationSource - Adding cacheable method 'getAllLawyerProfile' with operations: [Builder[public org.springframework.data.domain.Page com.fullDetailed.fullDetailedDemo.services.impl.admin.AdminUserManagementServiceImpl.getAllLawyerProfile(org.springframework.data.domain.Pageable)] caches=[users_list] | key='{#root.methodName, #pageable}' | keyGenerator='' | cacheManager='' | cacheResolver='' | condition='' | unless='' | sync='false']
2026-02-19 22:41:07 [main] TRACE o.s.c.a.AnnotationCacheOperationSource - Adding cacheable method 'getAllJudgesProfile' with operations: [Builder[public org.springframework.data.domain.Page com.fullDetailed.fullDetailedDemo.services.impl.admin.AdminUserManagementServiceImpl.getAllJudgesProfile(org.springframework.data.domain.Pageable)] caches=[users_list] | key='{#root.methodName, #pageable}' | keyGenerator='' | cacheManager='' | cacheResolver='' | condition='' | unless='' | sync='false']
2026-02-19 22:41:07 [main] TRACE o.s.c.a.AnnotationCacheOperationSource - Adding cacheable method 'updateJudgeProfile' with operations: [Builder[public void com.fullDetailed.fullDetailedDemo.services.impl.admin.AdminUserManagementServiceImpl.updateJudgeProfile(java.util.UUID,com.fullDetailed.fullDetailedDemo.domain.dtos.judge.JudgeProfileDto)] caches=[user_profile] | key='#judgeId' | keyGenerator='' | cacheManager='' | cacheResolver='' | condition='',false,false, Builder[public void com.fullDetailed.fullDetailedDemo.services.impl.admin.AdminUserManagementServiceImpl.updateJudgeProfile(java.util.UUID,com.fullDetailed.fullDetailedDemo.domain.dtos.judge.JudgeProfileDto)] caches=[users_list] | key='' | keyGenerator='' | cacheManager='' | cacheResolver='' | condition='',true,false]
2026-02-19 22:41:07 [main] TRACE o.s.c.a.AnnotationCacheOperationSource - Adding cacheable method 'getAllCaseRequests' with operations: [Builder[public org.springframework.data.domain.Page com.fullDetailed.fullDetailedDemo.services.impl.admin.AdminUserManagementServiceImpl.getAllCaseRequests(org.springframework.data.domain.Pageable)] caches=[case_requests] | key='{#status, #pageable}' | keyGenerator='' | cacheManager='' | cacheResolver='' | condition='' | unless='' | sync='false']
2026-02-19 22:41:07 [main] TRACE o.s.c.a.AnnotationCacheOperationSource - Adding cacheable method 'rejectLawyerApprovalById' with operations: [Builder[public void com.fullDetailed.fullDetailedDemo.services.impl.admin.AdminUserManagementServiceImpl.rejectLawyerApprovalById(java.util.UUID)] caches=[user_profile] | key='#userId' | keyGenerator='' | cacheManager='' | cacheResolver='' | condition='',false,false, Builder[public void com.fullDetailed.fullDetailedDemo.services.impl.admin.AdminUserManagementServiceImpl.rejectLawyerApprovalById(java.util.UUID)] caches=[users_list] | key='' | keyGenerator='' | cacheManager='' | cacheResolver='' | condition='',true,false]
2026-02-19 22:41:07 [main] TRACE o.s.c.a.AnnotationCacheOperationSource - Adding cacheable method 'getAllActivatedJudges' with operations: [Builder[public org.springframework.data.domain.Page com.fullDetailed.fullDetailedDemo.services.impl.admin.AdminUserManagementServiceImpl.getAllActivatedJudges(org.springframework.data.domain.Pageable)] caches=[users_list] | key='{#root.methodName, #pageable}' | keyGenerator='' | cacheManager='' | cacheResolver='' | condition='' | unless='' | sync='false']
2026-02-19 22:41:07 [main] TRACE o.s.c.a.AnnotationCacheOperationSource - Adding cacheable method 'getAllDeactivatedJudges' with operations: [Builder[public org.springframework.data.domain.Page com.fullDetailed.fullDetailedDemo.services.impl.admin.AdminUserManagementServiceImpl.getAllDeactivatedJudges(org.springframework.data.domain.Pageable)] caches=[users_list] | key='{#root.methodName, #pageable}' | keyGenerator='' | cacheManager='' | cacheResolver='' | condition='' | unless='' | sync='false']
2026-02-19 22:41:07 [main] TRACE o.s.c.a.AnnotationCacheOperationSource - Adding cacheable method 'getAllCaseRequestsByStatus' with operations: [Builder[public org.springframework.data.domain.Page com.fullDetailed.fullDetailedDemo.services.impl.admin.AdminUserManagementServiceImpl.getAllCaseRequestsByStatus(com.fullDetailed.fullDetailedDemo.domain.enums.RequestStatus,org.springframework.data.domain.Pageable)] caches=[case_requests] | key='{#status, #pageable}' | keyGenerator='' | cacheManager='' | cacheResolver='' | condition='' | unless='' | sync='false']
2026-02-19 22:41:07 [main] TRACE o.s.c.a.AnnotationCacheOperationSource - Adding cacheable method 'approveCaseAccessRequest' with operations: [Builder[public void com.fullDetailed.fullDetailedDemo.services.impl.admin.AdminUserManagementServiceImpl.approveCaseAccessRequest(java.util.UUID)] caches=[case_requests] | key='' | keyGenerator='' | cacheManager='' | cacheResolver='' | condition='',true,false, Builder[public void com.fullDetailed.fullDetailedDemo.services.impl.admin.AdminUserManagementServiceImpl.approveCaseAccessRequest(java.util.UUID)] caches=[users_list] | key='' | keyGenerator='' | cacheManager='' | cacheResolver='' | condition='',true,false, Builder[public void com.fullDetailed.fullDetailedDemo.services.impl.admin.AdminUserManagementServiceImpl.approveCaseAccessRequest(java.util.UUID)] caches=[user_profile] | key='' | keyGenerator='' | cacheManager='' | cacheResolver='' | condition='',true,false]
2026-02-19 22:41:07 [main] TRACE o.s.c.a.AnnotationCacheOperationSource - Adding cacheable method 'rejectCaseAccessRequest' with operations: [Builder[public void com.fullDetailed.fullDetailedDemo.services.impl.admin.AdminUserManagementServiceImpl.rejectCaseAccessRequest(java.util.UUID)] caches=[case_requests] | key='' | keyGenerator='' | cacheManager='' | cacheResolver='' | condition='',true,false]
2026-02-19 22:41:08 [main] WARN  o.s.b.j.a.JpaBaseConfiguration$JpaWebConfiguration - spring.jpa.open-in-view is enabled by default. Therefore, database queries may be performed during view rendering. Explicitly configure spring.jpa.open-in-view to disable this warning
2026-02-19 22:41:08 [main] INFO  o.s.s.c.a.a.c.InitializeUserDetailsBeanManagerConfigurer$InitializeUserDetailsManagerConfigurer - Global AuthenticationManager configured with UserDetailsService bean with name customUserServiceDetails
2026-02-19 22:41:09 [main] WARN  o.s.b.w.s.s.c.AnnotationConfigServletWebServerApplicationContext - Exception encountered during context initialization - cancelling refresh attempt: org.springframework.beans.factory.BeanCreationException: Error creating bean with name 'requestMappingHandlerMapping' defined in class path resource [org/springframework/boot/webmvc/autoconfigure/WebMvcAutoConfiguration$EnableWebMvcConfiguration.class]: Ambiguous mapping. Cannot map 'adminUserManagementController' method 
com.fullDetailed.fullDetailedDemo.controller.admin.AdminUserManagementController#getAllCaseRequestsByStatus(RequestStatus, Pageable)
to {GET [/api/v1/admin/users/lawyer-access/status]}: There is already 'adminUserManagementController' bean method
com.fullDetailed.fullDetailedDemo.controller.admin.AdminUserManagementController#getAllCaseRequests(Pageable) mapped.
2026-02-19 22:41:09 [main] INFO  o.s.o.j.LocalContainerEntityManagerFactoryBean - Closing JPA EntityManagerFactory for persistence unit 'default'
2026-02-19 22:41:09 [main] INFO  com.zaxxer.hikari.HikariDataSource - HikariPool-1 - Shutdown initiated...
2026-02-19 22:41:09 [main] INFO  com.zaxxer.hikari.HikariDataSource - HikariPool-1 - Shutdown completed.
2026-02-19 22:41:09 [main] INFO  o.a.catalina.core.StandardService - Stopping service [Tomcat]
2026-02-19 22:41:09 [main] INFO  o.s.b.a.l.ConditionEvaluationReportLogger - 

Error starting ApplicationContext. To display the condition evaluation report re-run your application with 'debug' enabled.
2026-02-19 22:41:09 [main] ERROR o.s.boot.SpringApplication - Application run failed
org.springframework.beans.factory.BeanCreationException: Error creating bean with name 'requestMappingHandlerMapping' defined in class path resource [org/springframework/boot/webmvc/autoconfigure/WebMvcAutoConfiguration$EnableWebMvcConfiguration.class]: Ambiguous mapping. Cannot map 'adminUserManagementController' method 
com.fullDetailed.fullDetailedDemo.controller.admin.AdminUserManagementController#getAllCaseRequestsByStatus(RequestStatus, Pageable)
to {GET [/api/v1/admin/users/lawyer-access/status]}: There is already 'adminUserManagementController' bean method
com.fullDetailed.fullDetailedDemo.controller.admin.AdminUserManagementController#getAllCaseRequests(Pageable) mapped.
	at org.springframework.beans.factory.support.AbstractAutowireCapableBeanFactory.initializeBean(AbstractAutowireCapableBeanFactory.java:1817)
	at org.springframework.beans.factory.support.AbstractAutowireCapableBeanFactory.doCreateBean(AbstractAutowireCapableBeanFactory.java:603)
	at org.springframework.beans.factory.support.AbstractAutowireCapableBeanFactory.createBean(AbstractAutowireCapableBeanFactory.java:525)
	at org.springframework.beans.factory.support.AbstractBeanFactory.lambda$doGetBean$0(AbstractBeanFactory.java:333)
	at org.springframework.beans.factory.support.DefaultSingletonBeanRegistry.getSingleton(DefaultSingletonBeanRegistry.java:371)
	at org.springframework.beans.factory.support.AbstractBeanFactory.doGetBean(AbstractBeanFactory.java:331)
	at org.springframework.beans.factory.support.AbstractBeanFactory.getBean(AbstractBeanFactory.java:196)
	at org.springframework.beans.factory.support.DefaultListableBeanFactory.instantiateSingleton(DefaultListableBeanFactory.java:1218)
	at org.springframework.beans.factory.support.DefaultListableBeanFactory.preInstantiateSingleton(DefaultListableBeanFactory.java:1184)
	at org.springframework.beans.factory.support.DefaultListableBeanFactory.preInstantiateSingletons(DefaultListableBeanFactory.java:1121)
	at org.springframework.context.support.AbstractApplicationContext.finishBeanFactoryInitialization(AbstractApplicationContext.java:983)
	at org.springframework.context.support.AbstractApplicationContext.refresh(AbstractApplicationContext.java:620)
	at org.springframework.boot.web.server.servlet.context.ServletWebServerApplicationContext.refresh(ServletWebServerApplicationContext.java:143)
	at org.springframework.boot.SpringApplication.refresh(SpringApplication.java:765)
	at org.springframework.boot.SpringApplication.refreshContext(SpringApplication.java:454)
	at org.springframework.boot.SpringApplication.run(SpringApplication.java:321)
	at org.springframework.boot.SpringApplication.run(SpringApplication.java:1374)
	at org.springframework.boot.SpringApplication.run(SpringApplication.java:1363)
	at com.fullDetailed.fullDetailedDemo.Elmostashar.main(Elmostashar.java:12)
	at java.base/jdk.internal.reflect.DirectMethodHandleAccessor.invoke(Unknown Source)
	at java.base/java.lang.reflect.Method.invoke(Unknown Source)
	at org.springframework.boot.loader.launch.Launcher.launch(Launcher.java:106)
	at org.springframework.boot.loader.launch.Launcher.launch(Launcher.java:64)
	at org.springframework.boot.loader.launch.JarLauncher.main(JarLauncher.java:40)
Caused by: java.lang.IllegalStateException: Ambiguous mapping. Cannot map 'adminUserManagementController' method 
com.fullDetailed.fullDetailedDemo.controller.admin.AdminUserManagementController#getAllCaseRequestsByStatus(RequestStatus, Pageable)
to {GET [/api/v1/admin/users/lawyer-access/status]}: There is already 'adminUserManagementController' bean method
com.fullDetailed.fullDetailedDemo.controller.admin.AdminUserManagementController#getAllCaseRequests(Pageable) mapped.
	at org.springframework.web.servlet.handler.AbstractHandlerMethodMapping$MappingRegistry.validateMethodMapping(AbstractHandlerMethodMapping.java:645)
	at org.springframework.web.servlet.handler.AbstractHandlerMethodMapping$MappingRegistry.register(AbstractHandlerMethodMapping.java:606)
	at org.springframework.web.servlet.handler.AbstractHandlerMethodMapping.registerHandlerMethod(AbstractHandlerMethodMapping.java:327)
	at org.springframework.web.servlet.mvc.method.annotation.RequestMappingHandlerMapping.registerHandlerMethod(RequestMappingHandlerMapping.java:459)
	at org.springframework.web.servlet.mvc.method.annotation.RequestMappingHandlerMapping.registerHandlerMethod(RequestMappingHandlerMapping.java:80)
	at org.springframework.web.servlet.handler.AbstractHandlerMethodMapping.lambda$detectHandlerMethods$1(AbstractHandlerMethodMapping.java:294)
	at java.base/java.util.LinkedHashMap.forEach(Unknown Source)
	at org.springframework.web.servlet.handler.AbstractHandlerMethodMapping.detectHandlerMethods(AbstractHandlerMethodMapping.java:292)
	at org.springframework.web.servlet.handler.AbstractHandlerMethodMapping.processCandidateBean(AbstractHandlerMethodMapping.java:261)
	at org.springframework.web.servlet.handler.AbstractHandlerMethodMapping.initHandlerMethods(AbstractHandlerMethodMapping.java:220)
	at org.springframework.web.servlet.handler.AbstractHandlerMethodMapping.afterPropertiesSet(AbstractHandlerMethodMapping.java:208)
	at org.springframework.web.servlet.mvc.method.annotation.RequestMappingHandlerMapping.afterPropertiesSet(RequestMappingHandlerMapping.java:158)
	at org.springframework.beans.factory.support.AbstractAutowireCapableBeanFactory.invokeInitMethods(AbstractAutowireCapableBeanFactory.java:1864)
	at org.springframework.beans.factory.support.AbstractAutowireCapableBeanFactory.initializeBean(AbstractAutowireCapableBeanFactory.java:1813)
	... 23 common frames omitted
2026-02-19 22:41:12 [main] INFO  c.f.fullDetailedDemo.Elmostashar - Starting Elmostashar v0.0.1-SNAPSHOT using Java 21.0.10 with PID 1 (/app/app.jar started by spring in /app)
2026-02-19 22:41:12 [main] DEBUG c.f.fullDetailedDemo.Elmostashar - Running with Spring Boot v4.0.0, Spring v7.0.1
2026-02-19 22:41:12 [main] INFO  c.f.fullDetailedDemo.Elmostashar - No active profile set, falling back to 1 default profile: "default"
2026-02-19 22:41:14 [main] INFO  o.s.d.r.c.RepositoryConfigurationDelegate - Bootstrapping Spring Data JPA repositories in DEFAULT mode.
2026-02-19 22:41:14 [main] INFO  o.s.d.r.c.RepositoryConfigurationDelegate - Finished Spring Data repository scanning in 95 ms. Found 5 JPA repository interfaces.
2026-02-19 22:41:15 [main] INFO  o.s.boot.tomcat.TomcatWebServer - Tomcat initialized with port 8080 (http)
2026-02-19 22:41:15 [main] INFO  o.a.catalina.core.StandardService - Starting service [Tomcat]
2026-02-19 22:41:15 [main] INFO  o.a.catalina.core.StandardEngine - Starting Servlet engine: [Apache Tomcat/11.0.14]
2026-02-19 22:41:15 [main] INFO  o.s.b.w.c.s.WebApplicationContextInitializer - Root WebApplicationContext: initialization completed in 3584 ms
2026-02-19 22:41:15 [main] INFO  com.zaxxer.hikari.HikariDataSource - HikariPool-1 - Starting...
2026-02-19 22:41:16 [main] INFO  com.zaxxer.hikari.pool.HikariPool - HikariPool-1 - Added connection org.postgresql.jdbc.PgConnection@36d697ab
2026-02-19 22:41:16 [main] INFO  com.zaxxer.hikari.HikariDataSource - HikariPool-1 - Start completed.
2026-02-19 22:41:16 [main] INFO  o.h.jpa.internal.util.LogHelper - HHH000204: Processing PersistenceUnitInfo [name: default]
2026-02-19 22:41:16 [main] INFO  org.hibernate.Version - HHH000412: Hibernate ORM core version 7.1.8.Final
2026-02-19 22:41:17 [main] INFO  o.s.o.j.p.SpringPersistenceUnitInfo - No LoadTimeWeaver setup: ignoring JPA class transformer
2026-02-19 22:41:17 [main] WARN  org.hibernate.orm.deprecation - HHH90000025: PostgreSQLDialect does not need to be specified explicitly using 'hibernate.dialect' (remove the property setting and it will be selected by default)
2026-02-19 22:41:17 [main] INFO  o.hibernate.orm.connections.pooling - HHH10001005: Database info:
	Database JDBC URL [jdbc:postgresql://postgres:5432/fullDetails]
	Database driver: PostgreSQL JDBC Driver
	Database dialect: PostgreSQLDialect
	Database version: 16.11
	Default catalog/schema: fullDetails/public
	Autocommit mode: undefined/unknown
	Isolation level: READ_COMMITTED [default READ_COMMITTED]
	JDBC fetch size: none
	Pool: DatasourceConnectionProviderImpl
	Minimum pool size: undefined/unknown
	Maximum pool size: undefined/unknown
2026-02-19 22:41:19 [main] INFO  o.h.e.t.j.p.i.JtaPlatformInitiator - HHH000489: No JTA platform available (set 'hibernate.transaction.jta.platform' to enable JTA platform integration)
2026-02-19 22:41:19 [main] DEBUG org.hibernate.SQL - 
    set client_min_messages = WARNING
2026-02-19 22:41:19 [main] DEBUG org.hibernate.SQL - 
    alter table if exists case_files 
       drop constraint if exists FKga9g2n34bwd7xh4ccxsx98bfe
2026-02-19 22:41:19 [main] DEBUG org.hibernate.SQL - 
    alter table if exists case_files 
       drop constraint if exists FKq97x10ysy310jckh02s0pdntv
2026-02-19 22:41:19 [main] DEBUG org.hibernate.SQL - 
    alter table if exists case_requests 
       drop constraint if exists FKj7qqebncj0udvqdpntvx0yklb
2026-02-19 22:41:19 [main] DEBUG org.hibernate.SQL - 
    alter table if exists case_requests 
       drop constraint if exists FKptewc89oihmrvk52bvwunvmcp
2026-02-19 22:41:19 [main] DEBUG org.hibernate.SQL - 
    alter table if exists cases 
       drop constraint if exists FKeg3vv92i8tmpjd4boaeoi4f94
2026-02-19 22:41:19 [main] DEBUG org.hibernate.SQL - 
    alter table if exists cases 
       drop constraint if exists FK6l9dqxm562pqp8o6bwer6oyba
2026-02-19 22:41:19 [main] DEBUG org.hibernate.SQL - 
    alter table if exists cases 
       drop constraint if exists FK3xkk4p4hvu6kwe763a6i1hgu0
2026-02-19 22:41:19 [main] DEBUG org.hibernate.SQL - 
    alter table if exists model_results 
       drop constraint if exists FKe3xqqgcmy88kh2kngkcumpbo9
2026-02-19 22:41:19 [main] DEBUG org.hibernate.SQL - 
    alter table if exists notifications 
       drop constraint if exists FKqqnsjxlwleyjbxlmm213jaj3f
2026-02-19 22:41:19 [main] DEBUG org.hibernate.SQL - 
    drop table if exists case_files cascade
2026-02-19 22:41:19 [main] DEBUG org.hibernate.SQL - 
    drop table if exists case_requests cascade
2026-02-19 22:41:19 [main] DEBUG org.hibernate.SQL - 
    drop table if exists cases cascade
2026-02-19 22:41:19 [main] DEBUG org.hibernate.SQL - 
    drop table if exists model_results cascade
2026-02-19 22:41:19 [main] DEBUG org.hibernate.SQL - 
    drop table if exists notifications cascade
2026-02-19 22:41:19 [main] DEBUG org.hibernate.SQL - 
    drop table if exists users cascade
2026-02-19 22:41:19 [main] DEBUG org.hibernate.SQL - 
    create table case_files (
        uploaded_at timestamp(6),
        case_id uuid,
        id uuid not null,
        uploaded_by uuid,
        file_name varchar(255) not null,
        file_type varchar(255) check ((file_type in ('PDF','OTHER','DOCUMENT','IMAGE'))),
        file_url varchar(255),
        primary key (id)
    )
2026-02-19 22:41:19 [main] DEBUG org.hibernate.SQL - 
    create table case_requests (
        requested_at timestamp(6),
        case_id uuid not null,
        id uuid not null,
        lawyer_id uuid not null,
        status varchar(255) not null check ((status in ('PENDING','APPROVED','REJECTED'))),
        primary key (id)
    )
2026-02-19 22:41:19 [main] DEBUG org.hibernate.SQL - 
    create table cases (
        is_deleted boolean not null,
        created_at timestamp(6),
        assigned_by_id uuid,
        id uuid not null,
        judge_id uuid,
        lawyer_id uuid,
        description varchar(2000),
        case_number varchar(255) not null,
        court_ruling varchar(255),
        final_decision varchar(255),
        model_judgment varchar(255),
        model_summary varchar(255),
        status varchar(255) not null check ((status in ('PENDING','UNDER_DISCUSSION','COMPLETED'))),
        title varchar(255) not null,
        primary key (id)
    )
2026-02-19 22:41:19 [main] DEBUG org.hibernate.SQL - 
    create table model_results (
        confidence_score float(53) not null,
        created_at timestamp(6),
        case_id uuid unique,
        id uuid not null,
        judgment varchar(2000),
        summary varchar(5000),
        primary key (id)
    )
2026-02-19 22:41:19 [main] DEBUG org.hibernate.SQL - 
    create table notifications (
        is_read boolean not null,
        created_at timestamp(6),
        id uuid not null,
        recipient_id uuid not null,
        message varchar(255) not null,
        title varchar(255) not null,
        primary key (id)
    )
2026-02-19 22:41:19 [main] DEBUG org.hibernate.SQL - 
    create table users (
        age integer,
        assigned_cases_count integer,
        is_active boolean,
        is_approved boolean,
        is_deleted boolean,
        password_reseted boolean,
        created_at timestamp(6),
        otp_expiration_time timestamp(6),
        updated_at timestamp(6),
        id uuid not null,
        court varchar(255),
        email varchar(255) not null unique,
        first_name varchar(255) not null,
        last_name varchar(255) not null,
        national_id varchar(255) not null unique,
        otp_code varchar(255) not null,
        password varchar(255) not null,
        role varchar(255) not null check ((role in ('ADMIN','JUDGE','LAWYER','EMPTY'))),
        primary key (id)
    )
2026-02-19 22:41:19 [main] DEBUG org.hibernate.SQL - 
    create index idx_notification_recipient 
       on notifications (recipient_id)
2026-02-19 22:41:19 [main] DEBUG org.hibernate.SQL - 
    create index idx_notification_recipient_read 
       on notifications (recipient_id, is_read)
2026-02-19 22:41:19 [main] DEBUG org.hibernate.SQL - 
    alter table if exists case_files 
       add constraint FKga9g2n34bwd7xh4ccxsx98bfe 
       foreign key (case_id) 
       references cases
2026-02-19 22:41:19 [main] DEBUG org.hibernate.SQL - 
    alter table if exists case_files 
       add constraint FKq97x10ysy310jckh02s0pdntv 
       foreign key (uploaded_by) 
       references users
2026-02-19 22:41:19 [main] DEBUG org.hibernate.SQL - 
    alter table if exists case_requests 
       add constraint FKj7qqebncj0udvqdpntvx0yklb 
       foreign key (lawyer_id) 
       references users
2026-02-19 22:41:19 [main] DEBUG org.hibernate.SQL - 
    alter table if exists case_requests 
       add constraint FKptewc89oihmrvk52bvwunvmcp 
       foreign key (case_id) 
       references cases
2026-02-19 22:41:19 [main] DEBUG org.hibernate.SQL - 
    alter table if exists cases 
       add constraint FKeg3vv92i8tmpjd4boaeoi4f94 
       foreign key (assigned_by_id) 
       references users
2026-02-19 22:41:19 [main] DEBUG org.hibernate.SQL - 
    alter table if exists cases 
       add constraint FK6l9dqxm562pqp8o6bwer6oyba 
       foreign key (judge_id) 
       references users
2026-02-19 22:41:19 [main] DEBUG org.hibernate.SQL - 
    alter table if exists cases 
       add constraint FK3xkk4p4hvu6kwe763a6i1hgu0 
       foreign key (lawyer_id) 
       references users
2026-02-19 22:41:19 [main] DEBUG org.hibernate.SQL - 
    alter table if exists model_results 
       add constraint FKe3xqqgcmy88kh2kngkcumpbo9 
       foreign key (case_id) 
       references cases
2026-02-19 22:41:19 [main] DEBUG org.hibernate.SQL - 
    alter table if exists notifications 
       add constraint FKqqnsjxlwleyjbxlmm213jaj3f 
       foreign key (recipient_id) 
       references users
2026-02-19 22:41:19 [main] INFO  o.s.o.j.LocalContainerEntityManagerFactoryBean - Initialized JPA EntityManagerFactory for persistence unit 'default'
2026-02-19 22:41:19 [main] INFO  o.s.d.j.r.q.QueryEnhancerFactories - Hibernate is in classpath; If applicable, HQL parser will be used.
2026-02-19 22:41:20 [main] DEBUG c.f.f.c.s.JwtAuthenticationFilter - Filter 'jwtAuthenticationFilter' configured for use
2026-02-19 22:41:20 [main] TRACE o.s.c.a.AnnotationCacheOperationSource - Adding cacheable method 'createCase' with operations: [Builder[public com.fullDetailed.fullDetailedDemo.domain.dtos.Case.CaseResponseDto com.fullDetailed.fullDetailedDemo.services.impl.admin.AdminCaseManagementServiceImpl.createCase(com.fullDetailed.fullDetailedDemo.domain.dtos.Case.CaseRequestDto)] caches=[cases] | key='' | keyGenerator='' | cacheManager='' | cacheResolver='' | condition='',true,false]
2026-02-19 22:41:20 [main] TRACE o.s.c.a.AnnotationCacheOperationSource - Adding cacheable method 'getAllCases' with operations: [Builder[public org.springframework.data.domain.Page com.fullDetailed.fullDetailedDemo.services.impl.admin.AdminCaseManagementServiceImpl.getAllCases(org.springframework.data.domain.Pageable)] caches=[cases] | key=''all:'+#pageable.pageNumber+':'+ #pageable.pageSize' | keyGenerator='' | cacheManager='' | cacheResolver='' | condition='' | unless='' | sync='false']
2026-02-19 22:41:20 [main] TRACE o.s.c.a.AnnotationCacheOperationSource - Adding cacheable method 'getCaseById' with operations: [Builder[public com.fullDetailed.fullDetailedDemo.domain.dtos.Case.CaseResponseDto com.fullDetailed.fullDetailedDemo.services.impl.admin.AdminCaseManagementServiceImpl.getCaseById(java.util.UUID)] caches=[cases] | key=''id:' + #caseId' | keyGenerator='' | cacheManager='' | cacheResolver='' | condition='' | unless='' | sync='false']
2026-02-19 22:41:20 [main] TRACE o.s.c.a.AnnotationCacheOperationSource - Adding cacheable method 'updateCase' with operations: [Builder[public void com.fullDetailed.fullDetailedDemo.services.impl.admin.AdminCaseManagementServiceImpl.updateCase(java.util.UUID,com.fullDetailed.fullDetailedDemo.domain.dtos.Case.CaseRequestDto)] caches=[cases] | key='' | keyGenerator='' | cacheManager='' | cacheResolver='' | condition='',true,false]
2026-02-19 22:41:20 [main] TRACE o.s.c.a.AnnotationCacheOperationSource - Adding cacheable method 'deleteCase' with operations: [Builder[public void com.fullDetailed.fullDetailedDemo.services.impl.admin.AdminCaseManagementServiceImpl.deleteCase(java.util.UUID)] caches=[cases] | key='' | keyGenerator='' | cacheManager='' | cacheResolver='' | condition='',true,false]
2026-02-19 22:41:20 [main] TRACE o.s.c.a.AnnotationCacheOperationSource - Adding cacheable method 'getAllFullyAssignedCases' with operations: [Builder[public org.springframework.data.domain.Page com.fullDetailed.fullDetailedDemo.services.impl.admin.AdminCaseManagementServiceImpl.getAllFullyAssignedCases(org.springframework.data.domain.Pageable)] caches=[cases] | key=''fullyAssigned:' + #pageable.pageNumber' | keyGenerator='' | cacheManager='' | cacheResolver='' | condition='' | unless='' | sync='false']
2026-02-19 22:41:20 [main] TRACE o.s.c.a.AnnotationCacheOperationSource - Adding cacheable method 'importCasesFromCsv' with operations: [Builder[public void com.fullDetailed.fullDetailedDemo.services.impl.admin.AdminCaseManagementServiceImpl.importCasesFromCsv(org.springframework.web.multipart.MultipartFile)] caches=[cases] | key='' | keyGenerator='' | cacheManager='' | cacheResolver='' | condition='',true,false]
2026-02-19 22:41:20 [main] TRACE o.s.c.a.AnnotationCacheOperationSource - Adding cacheable method 'getCasesByStatus' with operations: [Builder[public org.springframework.data.domain.Page com.fullDetailed.fullDetailedDemo.services.impl.admin.AdminCaseManagementServiceImpl.getCasesByStatus(com.fullDetailed.fullDetailedDemo.domain.enums.CaseStatus,org.springframework.data.domain.Pageable)] caches=[cases] | key=''status:' + #status + ':' + #pageable.pageNumber + ':' + #pageable.pageSize' | keyGenerator='' | cacheManager='' | cacheResolver='' | condition='' | unless='' | sync='false']
2026-02-19 22:41:20 [main] TRACE o.s.c.a.AnnotationCacheOperationSource - Adding cacheable method 'getAllDeletedCases' with operations: [Builder[public org.springframework.data.domain.Page com.fullDetailed.fullDetailedDemo.services.impl.admin.AdminCaseManagementServiceImpl.getAllDeletedCases(org.springframework.data.domain.Pageable)] caches=[cases] | key=''deleted:' + #pageable.pageNumber' | keyGenerator='' | cacheManager='' | cacheResolver='' | condition='' | unless='' | sync='false']
2026-02-19 22:41:20 [main] TRACE o.s.c.a.AnnotationCacheOperationSource - Adding cacheable method 'assignCaseToJudge' with operations: [Builder[public void com.fullDetailed.fullDetailedDemo.services.impl.admin.AdminCaseManagementServiceImpl.assignCaseToJudge(java.util.UUID,java.util.UUID)] caches=[cases] | key='' | keyGenerator='' | cacheManager='' | cacheResolver='' | condition='',true,false]
2026-02-19 22:41:20 [main] TRACE o.s.c.a.AnnotationCacheOperationSource - Adding cacheable method 'uploadCaseFiles' with operations: [Builder[public java.util.List com.fullDetailed.fullDetailedDemo.services.impl.admin.AdminCaseManagementServiceImpl.uploadCaseFiles(java.util.UUID,java.util.List)] caches=[cases] | key='' | keyGenerator='' | cacheManager='' | cacheResolver='' | condition='',true,false]
2026-02-19 22:41:21 [main] TRACE o.s.c.a.AnnotationCacheOperationSource - Adding cacheable method 'createUser' with operations: [Builder[public com.fullDetailed.fullDetailedDemo.domain.dtos.judge.UserResponseDto com.fullDetailed.fullDetailedDemo.services.impl.admin.AdminUserManagementServiceImpl.createUser(com.fullDetailed.fullDetailedDemo.domain.dtos.judge.CreateUserDto)] caches=[users_list] | key='' | keyGenerator='' | cacheManager='' | cacheResolver='' | condition='',true,false]
2026-02-19 22:41:21 [main] TRACE o.s.c.a.AnnotationCacheOperationSource - Adding cacheable method 'getUserById' with operations: [Builder[public com.fullDetailed.fullDetailedDemo.domain.dtos.UserProfileResponseDto com.fullDetailed.fullDetailedDemo.services.impl.admin.AdminUserManagementServiceImpl.getUserById(java.util.UUID)] caches=[user_profile] | key='#userId' | keyGenerator='' | cacheManager='' | cacheResolver='' | condition='' | unless='' | sync='false']
2026-02-19 22:41:21 [main] TRACE o.s.c.a.AnnotationCacheOperationSource - Adding cacheable method 'activateUserById' with operations: [Builder[public void com.fullDetailed.fullDetailedDemo.services.impl.admin.AdminUserManagementServiceImpl.activateUserById(java.util.UUID)] caches=[user_profile] | key='#userId' | keyGenerator='' | cacheManager='' | cacheResolver='' | condition='',false,false, Builder[public void com.fullDetailed.fullDetailedDemo.services.impl.admin.AdminUserManagementServiceImpl.activateUserById(java.util.UUID)] caches=[users_list] | key='' | keyGenerator='' | cacheManager='' | cacheResolver='' | condition='',true,false]
2026-02-19 22:41:21 [main] TRACE o.s.c.a.AnnotationCacheOperationSource - Adding cacheable method 'deActivateUserById' with operations: [Builder[public void com.fullDetailed.fullDetailedDemo.services.impl.admin.AdminUserManagementServiceImpl.deActivateUserById(java.util.UUID)] caches=[user_profile] | key='#userId' | keyGenerator='' | cacheManager='' | cacheResolver='' | condition='',false,false, Builder[public void com.fullDetailed.fullDetailedDemo.services.impl.admin.AdminUserManagementServiceImpl.deActivateUserById(java.util.UUID)] caches=[users_list] | key='' | keyGenerator='' | cacheManager='' | cacheResolver='' | condition='',true,false]
2026-02-19 22:41:21 [main] TRACE o.s.c.a.AnnotationCacheOperationSource - Adding cacheable method 'deleteUserById' with operations: [Builder[public void com.fullDetailed.fullDetailedDemo.services.impl.admin.AdminUserManagementServiceImpl.deleteUserById(java.util.UUID)] caches=[user_profile] | key='#userId' | keyGenerator='' | cacheManager='' | cacheResolver='' | condition='',false,false, Builder[public void com.fullDetailed.fullDetailedDemo.services.impl.admin.AdminUserManagementServiceImpl.deleteUserById(java.util.UUID)] caches=[users_list] | key='' | keyGenerator='' | cacheManager='' | cacheResolver='' | condition='',true,false]
2026-02-19 22:41:21 [main] TRACE o.s.c.a.AnnotationCacheOperationSource - Adding cacheable method 'getAllLawyerProfile' with operations: [Builder[public org.springframework.data.domain.Page com.fullDetailed.fullDetailedDemo.services.impl.admin.AdminUserManagementServiceImpl.getAllLawyerProfile(org.springframework.data.domain.Pageable)] caches=[users_list] | key='{#root.methodName, #pageable}' | keyGenerator='' | cacheManager='' | cacheResolver='' | condition='' | unless='' | sync='false']
2026-02-19 22:41:21 [main] TRACE o.s.c.a.AnnotationCacheOperationSource - Adding cacheable method 'getAllJudgesProfile' with operations: [Builder[public org.springframework.data.domain.Page com.fullDetailed.fullDetailedDemo.services.impl.admin.AdminUserManagementServiceImpl.getAllJudgesProfile(org.springframework.data.domain.Pageable)] caches=[users_list] | key='{#root.methodName, #pageable}' | keyGenerator='' | cacheManager='' | cacheResolver='' | condition='' | unless='' | sync='false']
2026-02-19 22:41:21 [main] TRACE o.s.c.a.AnnotationCacheOperationSource - Adding cacheable method 'updateJudgeProfile' with operations: [Builder[public void com.fullDetailed.fullDetailedDemo.services.impl.admin.AdminUserManagementServiceImpl.updateJudgeProfile(java.util.UUID,com.fullDetailed.fullDetailedDemo.domain.dtos.judge.JudgeProfileDto)] caches=[user_profile] | key='#judgeId' | keyGenerator='' | cacheManager='' | cacheResolver='' | condition='',false,false, Builder[public void com.fullDetailed.fullDetailedDemo.services.impl.admin.AdminUserManagementServiceImpl.updateJudgeProfile(java.util.UUID,com.fullDetailed.fullDetailedDemo.domain.dtos.judge.JudgeProfileDto)] caches=[users_list] | key='' | keyGenerator='' | cacheManager='' | cacheResolver='' | condition='',true,false]
2026-02-19 22:41:21 [main] TRACE o.s.c.a.AnnotationCacheOperationSource - Adding cacheable method 'getAllCaseRequests' with operations: [Builder[public org.springframework.data.domain.Page com.fullDetailed.fullDetailedDemo.services.impl.admin.AdminUserManagementServiceImpl.getAllCaseRequests(org.springframework.data.domain.Pageable)] caches=[case_requests] | key='{#status, #pageable}' | keyGenerator='' | cacheManager='' | cacheResolver='' | condition='' | unless='' | sync='false']
2026-02-19 22:41:21 [main] TRACE o.s.c.a.AnnotationCacheOperationSource - Adding cacheable method 'getAllActivatedLawyers' with operations: [Builder[public org.springframework.data.domain.Page com.fullDetailed.fullDetailedDemo.services.impl.admin.AdminUserManagementServiceImpl.getAllActivatedLawyers(org.springframework.data.domain.Pageable)] caches=[users_list] | key='{#root.methodName, #pageable}' | keyGenerator='' | cacheManager='' | cacheResolver='' | condition='' | unless='' | sync='false']
2026-02-19 22:41:21 [main] TRACE o.s.c.a.AnnotationCacheOperationSource - Adding cacheable method 'getAllDeactivatedLawyers' with operations: [Builder[public org.springframework.data.domain.Page com.fullDetailed.fullDetailedDemo.services.impl.admin.AdminUserManagementServiceImpl.getAllDeactivatedLawyers(org.springframework.data.domain.Pageable)] caches=[users_list] | key='{#root.methodName, #pageable}' | keyGenerator='' | cacheManager='' | cacheResolver='' | condition='' | unless='' | sync='false']
2026-02-19 22:41:21 [main] TRACE o.s.c.a.AnnotationCacheOperationSource - Adding cacheable method 'getAllApprovedLawyers' with operations: [Builder[public org.springframework.data.domain.Page com.fullDetailed.fullDetailedDemo.services.impl.admin.AdminUserManagementServiceImpl.getAllApprovedLawyers(org.springframework.data.domain.Pageable)] caches=[users_list] | key='{#root.methodName, #pageable}' | keyGenerator='' | cacheManager='' | cacheResolver='' | condition='' | unless='' | sync='false']
2026-02-19 22:41:21 [main] TRACE o.s.c.a.AnnotationCacheOperationSource - Adding cacheable method 'getAllRejectedLawyers' with operations: [Builder[public org.springframework.data.domain.Page com.fullDetailed.fullDetailedDemo.services.impl.admin.AdminUserManagementServiceImpl.getAllRejectedLawyers(org.springframework.data.domain.Pageable)] caches=[users_list] | key='{#root.methodName, #pageable}' | keyGenerator='' | cacheManager='' | cacheResolver='' | condition='' | unless='' | sync='false']
2026-02-19 22:41:21 [main] TRACE o.s.c.a.AnnotationCacheOperationSource - Adding cacheable method 'acceptLawyerApprovalById' with operations: [Builder[public void com.fullDetailed.fullDetailedDemo.services.impl.admin.AdminUserManagementServiceImpl.acceptLawyerApprovalById(java.util.UUID)] caches=[user_profile] | key='#userId' | keyGenerator='' | cacheManager='' | cacheResolver='' | condition='',false,false, Builder[public void com.fullDetailed.fullDetailedDemo.services.impl.admin.AdminUserManagementServiceImpl.acceptLawyerApprovalById(java.util.UUID)] caches=[users_list] | key='' | keyGenerator='' | cacheManager='' | cacheResolver='' | condition='',true,false]
2026-02-19 22:41:21 [main] TRACE o.s.c.a.AnnotationCacheOperationSource - Adding cacheable method 'rejectLawyerApprovalById' with operations: [Builder[public void com.fullDetailed.fullDetailedDemo.services.impl.admin.AdminUserManagementServiceImpl.rejectLawyerApprovalById(java.util.UUID)] caches=[user_profile] | key='#userId' | keyGenerator='' | cacheManager='' | cacheResolver='' | condition='',false,false, Builder[public void com.fullDetailed.fullDetailedDemo.services.impl.admin.AdminUserManagementServiceImpl.rejectLawyerApprovalById(java.util.UUID)] caches=[users_list] | key='' | keyGenerator='' | cacheManager='' | cacheResolver='' | condition='',true,false]
2026-02-19 22:41:21 [main] TRACE o.s.c.a.AnnotationCacheOperationSource - Adding cacheable method 'getAllActivatedJudges' with operations: [Builder[public org.springframework.data.domain.Page com.fullDetailed.fullDetailedDemo.services.impl.admin.AdminUserManagementServiceImpl.getAllActivatedJudges(org.springframework.data.domain.Pageable)] caches=[users_list] | key='{#root.methodName, #pageable}' | keyGenerator='' | cacheManager='' | cacheResolver='' | condition='' | unless='' | sync='false']
2026-02-19 22:41:21 [main] TRACE o.s.c.a.AnnotationCacheOperationSource - Adding cacheable method 'getAllDeactivatedJudges' with operations: [Builder[public org.springframework.data.domain.Page com.fullDetailed.fullDetailedDemo.services.impl.admin.AdminUserManagementServiceImpl.getAllDeactivatedJudges(org.springframework.data.domain.Pageable)] caches=[users_list] | key='{#root.methodName, #pageable}' | keyGenerator='' | cacheManager='' | cacheResolver='' | condition='' | unless='' | sync='false']
2026-02-19 22:41:21 [main] TRACE o.s.c.a.AnnotationCacheOperationSource - Adding cacheable method 'getAllCaseRequestsByStatus' with operations: [Builder[public org.springframework.data.domain.Page com.fullDetailed.fullDetailedDemo.services.impl.admin.AdminUserManagementServiceImpl.getAllCaseRequestsByStatus(com.fullDetailed.fullDetailedDemo.domain.enums.RequestStatus,org.springframework.data.domain.Pageable)] caches=[case_requests] | key='{#status, #pageable}' | keyGenerator='' | cacheManager='' | cacheResolver='' | condition='' | unless='' | sync='false']
2026-02-19 22:41:21 [main] TRACE o.s.c.a.AnnotationCacheOperationSource - Adding cacheable method 'approveCaseAccessRequest' with operations: [Builder[public void com.fullDetailed.fullDetailedDemo.services.impl.admin.AdminUserManagementServiceImpl.approveCaseAccessRequest(java.util.UUID)] caches=[case_requests] | key='' | keyGenerator='' | cacheManager='' | cacheResolver='' | condition='',true,false, Builder[public void com.fullDetailed.fullDetailedDemo.services.impl.admin.AdminUserManagementServiceImpl.approveCaseAccessRequest(java.util.UUID)] caches=[users_list] | key='' | keyGenerator='' | cacheManager='' | cacheResolver='' | condition='',true,false, Builder[public void com.fullDetailed.fullDetailedDemo.services.impl.admin.AdminUserManagementServiceImpl.approveCaseAccessRequest(java.util.UUID)] caches=[user_profile] | key='' | keyGenerator='' | cacheManager='' | cacheResolver='' | condition='',true,false]
2026-02-19 22:41:21 [main] TRACE o.s.c.a.AnnotationCacheOperationSource - Adding cacheable method 'rejectCaseAccessRequest' with operations: [Builder[public void com.fullDetailed.fullDetailedDemo.services.impl.admin.AdminUserManagementServiceImpl.rejectCaseAccessRequest(java.util.UUID)] caches=[case_requests] | key='' | keyGenerator='' | cacheManager='' | cacheResolver='' | condition='',true,false]
2026-02-19 22:41:21 [main] WARN  o.s.b.j.a.JpaBaseConfiguration$JpaWebConfiguration - spring.jpa.open-in-view is enabled by default. Therefore, database queries may be performed during view rendering. Explicitly configure spring.jpa.open-in-view to disable this warning
2026-02-19 22:41:22 [main] INFO  o.s.s.c.a.a.c.InitializeUserDetailsBeanManagerConfigurer$InitializeUserDetailsManagerConfigurer - Global AuthenticationManager configured with UserDetailsService bean with name customUserServiceDetails
2026-02-19 22:41:22 [main] WARN  o.s.b.w.s.s.c.AnnotationConfigServletWebServerApplicationContext - Exception encountered during context initialization - cancelling refresh attempt: org.springframework.beans.factory.BeanCreationException: Error creating bean with name 'requestMappingHandlerMapping' defined in class path resource [org/springframework/boot/webmvc/autoconfigure/WebMvcAutoConfiguration$EnableWebMvcConfiguration.class]: Ambiguous mapping. Cannot map 'adminUserManagementController' method 
com.fullDetailed.fullDetailedDemo.controller.admin.AdminUserManagementController#getAllCaseRequestsByStatus(RequestStatus, Pageable)
to {GET [/api/v1/admin/users/lawyer-access/status]}: There is already 'adminUserManagementController' bean method
com.fullDetailed.fullDetailedDemo.controller.admin.AdminUserManagementController#getAllCaseRequests(Pageable) mapped.
2026-02-19 22:41:22 [main] INFO  o.s.o.j.LocalContainerEntityManagerFactoryBean - Closing JPA EntityManagerFactory for persistence unit 'default'
2026-02-19 22:41:22 [main] INFO  com.zaxxer.hikari.HikariDataSource - HikariPool-1 - Shutdown initiated...
2026-02-19 22:41:22 [main] INFO  com.zaxxer.hikari.HikariDataSource - HikariPool-1 - Shutdown completed.
2026-02-19 22:41:22 [main] INFO  o.a.catalina.core.StandardService - Stopping service [Tomcat]
2026-02-19 22:41:22 [main] INFO  o.s.b.a.l.ConditionEvaluationReportLogger - 

Error starting ApplicationContext. To display the condition evaluation report re-run your application with 'debug' enabled.
2026-02-19 22:41:23 [main] ERROR o.s.boot.SpringApplication - Application run failed
org.springframework.beans.factory.BeanCreationException: Error creating bean with name 'requestMappingHandlerMapping' defined in class path resource [org/springframework/boot/webmvc/autoconfigure/WebMvcAutoConfiguration$EnableWebMvcConfiguration.class]: Ambiguous mapping. Cannot map 'adminUserManagementController' method 
com.fullDetailed.fullDetailedDemo.controller.admin.AdminUserManagementController#getAllCaseRequestsByStatus(RequestStatus, Pageable)
to {GET [/api/v1/admin/users/lawyer-access/status]}: There is already 'adminUserManagementController' bean method
com.fullDetailed.fullDetailedDemo.controller.admin.AdminUserManagementController#getAllCaseRequests(Pageable) mapped.
	at org.springframework.beans.factory.support.AbstractAutowireCapableBeanFactory.initializeBean(AbstractAutowireCapableBeanFactory.java:1817)
	at org.springframework.beans.factory.support.AbstractAutowireCapableBeanFactory.doCreateBean(AbstractAutowireCapableBeanFactory.java:603)
	at org.springframework.beans.factory.support.AbstractAutowireCapableBeanFactory.createBean(AbstractAutowireCapableBeanFactory.java:525)
	at org.springframework.beans.factory.support.AbstractBeanFactory.lambda$doGetBean$0(AbstractBeanFactory.java:333)
	at org.springframework.beans.factory.support.DefaultSingletonBeanRegistry.getSingleton(DefaultSingletonBeanRegistry.java:371)
	at org.springframework.beans.factory.support.AbstractBeanFactory.doGetBean(AbstractBeanFactory.java:331)
	at org.springframework.beans.factory.support.AbstractBeanFactory.getBean(AbstractBeanFactory.java:196)
	at org.springframework.beans.factory.support.DefaultListableBeanFactory.instantiateSingleton(DefaultListableBeanFactory.java:1218)
	at org.springframework.beans.factory.support.DefaultListableBeanFactory.preInstantiateSingleton(DefaultListableBeanFactory.java:1184)
	at org.springframework.beans.factory.support.DefaultListableBeanFactory.preInstantiateSingletons(DefaultListableBeanFactory.java:1121)
	at org.springframework.context.support.AbstractApplicationContext.finishBeanFactoryInitialization(AbstractApplicationContext.java:983)
	at org.springframework.context.support.AbstractApplicationContext.refresh(AbstractApplicationContext.java:620)
	at org.springframework.boot.web.server.servlet.context.ServletWebServerApplicationContext.refresh(ServletWebServerApplicationContext.java:143)
	at org.springframework.boot.SpringApplication.refresh(SpringApplication.java:765)
	at org.springframework.boot.SpringApplication.refreshContext(SpringApplication.java:454)
	at org.springframework.boot.SpringApplication.run(SpringApplication.java:321)
	at org.springframework.boot.SpringApplication.run(SpringApplication.java:1374)
	at org.springframework.boot.SpringApplication.run(SpringApplication.java:1363)
	at com.fullDetailed.fullDetailedDemo.Elmostashar.main(Elmostashar.java:12)
	at java.base/jdk.internal.reflect.DirectMethodHandleAccessor.invoke(Unknown Source)
	at java.base/java.lang.reflect.Method.invoke(Unknown Source)
	at org.springframework.boot.loader.launch.Launcher.launch(Launcher.java:106)
	at org.springframework.boot.loader.launch.Launcher.launch(Launcher.java:64)
	at org.springframework.boot.loader.launch.JarLauncher.main(JarLauncher.java:40)
Caused by: java.lang.IllegalStateException: Ambiguous mapping. Cannot map 'adminUserManagementController' method 
com.fullDetailed.fullDetailedDemo.controller.admin.AdminUserManagementController#getAllCaseRequestsByStatus(RequestStatus, Pageable)
to {GET [/api/v1/admin/users/lawyer-access/status]}: There is already 'adminUserManagementController' bean method
com.fullDetailed.fullDetailedDemo.controller.admin.AdminUserManagementController#getAllCaseRequests(Pageable) mapped.
	at org.springframework.web.servlet.handler.AbstractHandlerMethodMapping$MappingRegistry.validateMethodMapping(AbstractHandlerMethodMapping.java:645)
	at org.springframework.web.servlet.handler.AbstractHandlerMethodMapping$MappingRegistry.register(AbstractHandlerMethodMapping.java:606)
	at org.springframework.web.servlet.handler.AbstractHandlerMethodMapping.registerHandlerMethod(AbstractHandlerMethodMapping.java:327)
	at org.springframework.web.servlet.mvc.method.annotation.RequestMappingHandlerMapping.registerHandlerMethod(RequestMappingHandlerMapping.java:459)
	at org.springframework.web.servlet.mvc.method.annotation.RequestMappingHandlerMapping.registerHandlerMethod(RequestMappingHandlerMapping.java:80)
	at org.springframework.web.servlet.handler.AbstractHandlerMethodMapping.lambda$detectHandlerMethods$1(AbstractHandlerMethodMapping.java:294)
	at java.base/java.util.LinkedHashMap.forEach(Unknown Source)
	at org.springframework.web.servlet.handler.AbstractHandlerMethodMapping.detectHandlerMethods(AbstractHandlerMethodMapping.java:292)
	at org.springframework.web.servlet.handler.AbstractHandlerMethodMapping.processCandidateBean(AbstractHandlerMethodMapping.java:261)
	at org.springframework.web.servlet.handler.AbstractHandlerMethodMapping.initHandlerMethods(AbstractHandlerMethodMapping.java:220)
	at org.springframework.web.servlet.handler.AbstractHandlerMethodMapping.afterPropertiesSet(AbstractHandlerMethodMapping.java:208)
	at org.springframework.web.servlet.mvc.method.annotation.RequestMappingHandlerMapping.afterPropertiesSet(RequestMappingHandlerMapping.java:158)
	at org.springframework.beans.factory.support.AbstractAutowireCapableBeanFactory.invokeInitMethods(AbstractAutowireCapableBeanFactory.java:1864)
	at org.springframework.beans.factory.support.AbstractAutowireCapableBeanFactory.initializeBean(AbstractAutowireCapableBeanFactory.java:1813)
	... 23 common frames omitted
2026-02-19 22:41:25 [main] INFO  c.f.fullDetailedDemo.Elmostashar - Starting Elmostashar v0.0.1-SNAPSHOT using Java 21.0.10 with PID 1 (/app/app.jar started by spring in /app)
2026-02-19 22:41:25 [main] DEBUG c.f.fullDetailedDemo.Elmostashar - Running with Spring Boot v4.0.0, Spring v7.0.1
2026-02-19 22:41:25 [main] INFO  c.f.fullDetailedDemo.Elmostashar - No active profile set, falling back to 1 default profile: "default"
2026-02-19 22:41:27 [main] INFO  o.s.d.r.c.RepositoryConfigurationDelegate - Bootstrapping Spring Data JPA repositories in DEFAULT mode.
2026-02-19 22:41:27 [main] INFO  o.s.d.r.c.RepositoryConfigurationDelegate - Finished Spring Data repository scanning in 81 ms. Found 5 JPA repository interfaces.
2026-02-19 22:41:29 [main] INFO  o.s.boot.tomcat.TomcatWebServer - Tomcat initialized with port 8080 (http)
2026-02-19 22:41:29 [main] INFO  o.a.catalina.core.StandardService - Starting service [Tomcat]
2026-02-19 22:41:29 [main] INFO  o.a.catalina.core.StandardEngine - Starting Servlet engine: [Apache Tomcat/11.0.14]
2026-02-19 22:41:29 [main] INFO  o.s.b.w.c.s.WebApplicationContextInitializer - Root WebApplicationContext: initialization completed in 3780 ms
2026-02-19 22:41:29 [main] INFO  com.zaxxer.hikari.HikariDataSource - HikariPool-1 - Starting...
2026-02-19 22:41:30 [main] INFO  com.zaxxer.hikari.pool.HikariPool - HikariPool-1 - Added connection org.postgresql.jdbc.PgConnection@6f0c45f4
2026-02-19 22:41:30 [main] INFO  com.zaxxer.hikari.HikariDataSource - HikariPool-1 - Start completed.
2026-02-19 22:41:30 [main] INFO  o.h.jpa.internal.util.LogHelper - HHH000204: Processing PersistenceUnitInfo [name: default]
2026-02-19 22:41:30 [main] INFO  org.hibernate.Version - HHH000412: Hibernate ORM core version 7.1.8.Final
2026-02-19 22:41:31 [main] INFO  o.s.o.j.p.SpringPersistenceUnitInfo - No LoadTimeWeaver setup: ignoring JPA class transformer
2026-02-19 22:41:31 [main] WARN  org.hibernate.orm.deprecation - HHH90000025: PostgreSQLDialect does not need to be specified explicitly using 'hibernate.dialect' (remove the property setting and it will be selected by default)
2026-02-19 22:41:31 [main] INFO  o.hibernate.orm.connections.pooling - HHH10001005: Database info:
	Database JDBC URL [jdbc:postgresql://postgres:5432/fullDetails]
	Database driver: PostgreSQL JDBC Driver
	Database dialect: PostgreSQLDialect
	Database version: 16.11
	Default catalog/schema: fullDetails/public
	Autocommit mode: undefined/unknown
	Isolation level: READ_COMMITTED [default READ_COMMITTED]
	JDBC fetch size: none
	Pool: DatasourceConnectionProviderImpl
	Minimum pool size: undefined/unknown
	Maximum pool size: undefined/unknown
2026-02-19 22:41:33 [main] INFO  o.h.e.t.j.p.i.JtaPlatformInitiator - HHH000489: No JTA platform available (set 'hibernate.transaction.jta.platform' to enable JTA platform integration)
2026-02-19 22:41:33 [main] DEBUG org.hibernate.SQL - 
    set client_min_messages = WARNING
2026-02-19 22:41:33 [main] DEBUG org.hibernate.SQL - 
    alter table if exists case_files 
       drop constraint if exists FKga9g2n34bwd7xh4ccxsx98bfe
2026-02-19 22:41:33 [main] DEBUG org.hibernate.SQL - 
    alter table if exists case_files 
       drop constraint if exists FKq97x10ysy310jckh02s0pdntv
2026-02-19 22:41:33 [main] DEBUG org.hibernate.SQL - 
    alter table if exists case_requests 
       drop constraint if exists FKj7qqebncj0udvqdpntvx0yklb
2026-02-19 22:41:33 [main] DEBUG org.hibernate.SQL - 
    alter table if exists case_requests 
       drop constraint if exists FKptewc89oihmrvk52bvwunvmcp
2026-02-19 22:41:33 [main] DEBUG org.hibernate.SQL - 
    alter table if exists cases 
       drop constraint if exists FKeg3vv92i8tmpjd4boaeoi4f94
2026-02-19 22:41:33 [main] DEBUG org.hibernate.SQL - 
    alter table if exists cases 
       drop constraint if exists FK6l9dqxm562pqp8o6bwer6oyba
2026-02-19 22:41:33 [main] DEBUG org.hibernate.SQL - 
    alter table if exists cases 
       drop constraint if exists FK3xkk4p4hvu6kwe763a6i1hgu0
2026-02-19 22:41:33 [main] DEBUG org.hibernate.SQL - 
    alter table if exists model_results 
       drop constraint if exists FKe3xqqgcmy88kh2kngkcumpbo9
2026-02-19 22:41:33 [main] DEBUG org.hibernate.SQL - 
    alter table if exists notifications 
       drop constraint if exists FKqqnsjxlwleyjbxlmm213jaj3f
2026-02-19 22:41:33 [main] DEBUG org.hibernate.SQL - 
    drop table if exists case_files cascade
2026-02-19 22:41:33 [main] DEBUG org.hibernate.SQL - 
    drop table if exists case_requests cascade
2026-02-19 22:41:33 [main] DEBUG org.hibernate.SQL - 
    drop table if exists cases cascade
2026-02-19 22:41:33 [main] DEBUG org.hibernate.SQL - 
    drop table if exists model_results cascade
2026-02-19 22:41:33 [main] DEBUG org.hibernate.SQL - 
    drop table if exists notifications cascade
2026-02-19 22:41:33 [main] DEBUG org.hibernate.SQL - 
    drop table if exists users cascade
2026-02-19 22:41:33 [main] DEBUG org.hibernate.SQL - 
    create table case_files (
        uploaded_at timestamp(6),
        case_id uuid,
        id uuid not null,
        uploaded_by uuid,
        file_name varchar(255) not null,
        file_type varchar(255) check ((file_type in ('PDF','OTHER','DOCUMENT','IMAGE'))),
        file_url varchar(255),
        primary key (id)
    )
2026-02-19 22:41:33 [main] DEBUG org.hibernate.SQL - 
    create table case_requests (
        requested_at timestamp(6),
        case_id uuid not null,
        id uuid not null,
        lawyer_id uuid not null,
        status varchar(255) not null check ((status in ('PENDING','APPROVED','REJECTED'))),
        primary key (id)
    )
2026-02-19 22:41:33 [main] DEBUG org.hibernate.SQL - 
    create table cases (
        is_deleted boolean not null,
        created_at timestamp(6),
        assigned_by_id uuid,
        id uuid not null,
        judge_id uuid,
        lawyer_id uuid,
        description varchar(2000),
        case_number varchar(255) not null,
        court_ruling varchar(255),
        final_decision varchar(255),
        model_judgment varchar(255),
        model_summary varchar(255),
        status varchar(255) not null check ((status in ('PENDING','UNDER_DISCUSSION','COMPLETED'))),
        title varchar(255) not null,
        primary key (id)
    )
2026-02-19 22:41:33 [main] DEBUG org.hibernate.SQL - 
    create table model_results (
        confidence_score float(53) not null,
        created_at timestamp(6),
        case_id uuid unique,
        id uuid not null,
        judgment varchar(2000),
        summary varchar(5000),
        primary key (id)
    )
2026-02-19 22:41:33 [main] DEBUG org.hibernate.SQL - 
    create table notifications (
        is_read boolean not null,
        created_at timestamp(6),
        id uuid not null,
        recipient_id uuid not null,
        message varchar(255) not null,
        title varchar(255) not null,
        primary key (id)
    )
2026-02-19 22:41:33 [main] DEBUG org.hibernate.SQL - 
    create table users (
        age integer,
        assigned_cases_count integer,
        is_active boolean,
        is_approved boolean,
        is_deleted boolean,
        password_reseted boolean,
        created_at timestamp(6),
        otp_expiration_time timestamp(6),
        updated_at timestamp(6),
        id uuid not null,
        court varchar(255),
        email varchar(255) not null unique,
        first_name varchar(255) not null,
        last_name varchar(255) not null,
        national_id varchar(255) not null unique,
        otp_code varchar(255) not null,
        password varchar(255) not null,
        role varchar(255) not null check ((role in ('ADMIN','JUDGE','LAWYER','EMPTY'))),
        primary key (id)
    )
2026-02-19 22:41:33 [main] DEBUG org.hibernate.SQL - 
    create index idx_notification_recipient 
       on notifications (recipient_id)
2026-02-19 22:41:33 [main] DEBUG org.hibernate.SQL - 
    create index idx_notification_recipient_read 
       on notifications (recipient_id, is_read)
2026-02-19 22:41:33 [main] DEBUG org.hibernate.SQL - 
    alter table if exists case_files 
       add constraint FKga9g2n34bwd7xh4ccxsx98bfe 
       foreign key (case_id) 
       references cases
2026-02-19 22:41:33 [main] DEBUG org.hibernate.SQL - 
    alter table if exists case_files 
       add constraint FKq97x10ysy310jckh02s0pdntv 
       foreign key (uploaded_by) 
       references users
2026-02-19 22:41:33 [main] DEBUG org.hibernate.SQL - 
    alter table if exists case_requests 
       add constraint FKj7qqebncj0udvqdpntvx0yklb 
       foreign key (lawyer_id) 
       references users
2026-02-19 22:41:33 [main] DEBUG org.hibernate.SQL - 
    alter table if exists case_requests 
       add constraint FKptewc89oihmrvk52bvwunvmcp 
       foreign key (case_id) 
       references cases
2026-02-19 22:41:33 [main] DEBUG org.hibernate.SQL - 
    alter table if exists cases 
       add constraint FKeg3vv92i8tmpjd4boaeoi4f94 
       foreign key (assigned_by_id) 
       references users
2026-02-19 22:41:33 [main] DEBUG org.hibernate.SQL - 
    alter table if exists cases 
       add constraint FK6l9dqxm562pqp8o6bwer6oyba 
       foreign key (judge_id) 
       references users
2026-02-19 22:41:33 [main] DEBUG org.hibernate.SQL - 
    alter table if exists cases 
       add constraint FK3xkk4p4hvu6kwe763a6i1hgu0 
       foreign key (lawyer_id) 
       references users
2026-02-19 22:41:33 [main] DEBUG org.hibernate.SQL - 
    alter table if exists model_results 
       add constraint FKe3xqqgcmy88kh2kngkcumpbo9 
       foreign key (case_id) 
       references cases
2026-02-19 22:41:33 [main] DEBUG org.hibernate.SQL - 
    alter table if exists notifications 
       add constraint FKqqnsjxlwleyjbxlmm213jaj3f 
       foreign key (recipient_id) 
       references users
2026-02-19 22:41:33 [main] INFO  o.s.o.j.LocalContainerEntityManagerFactoryBean - Initialized JPA EntityManagerFactory for persistence unit 'default'
2026-02-19 22:47:48 [main] INFO  c.f.fullDetailedDemo.Elmostashar - Starting Elmostashar v0.0.1-SNAPSHOT using Java 21.0.10 with PID 1 (/app/app.jar started by spring in /app)
2026-02-19 22:47:48 [main] DEBUG c.f.fullDetailedDemo.Elmostashar - Running with Spring Boot v4.0.0, Spring v7.0.1
2026-02-19 22:47:48 [main] INFO  c.f.fullDetailedDemo.Elmostashar - No active profile set, falling back to 1 default profile: "default"
2026-02-19 22:47:50 [main] INFO  o.s.d.r.c.RepositoryConfigurationDelegate - Bootstrapping Spring Data JPA repositories in DEFAULT mode.
2026-02-19 22:47:50 [main] INFO  o.s.d.r.c.RepositoryConfigurationDelegate - Finished Spring Data repository scanning in 109 ms. Found 5 JPA repository interfaces.
2026-02-19 22:47:51 [main] INFO  o.s.boot.tomcat.TomcatWebServer - Tomcat initialized with port 8080 (http)
2026-02-19 22:47:51 [main] INFO  o.a.catalina.core.StandardService - Starting service [Tomcat]
2026-02-19 22:47:51 [main] INFO  o.a.catalina.core.StandardEngine - Starting Servlet engine: [Apache Tomcat/11.0.14]
2026-02-19 22:47:51 [main] INFO  o.s.b.w.c.s.WebApplicationContextInitializer - Root WebApplicationContext: initialization completed in 3237 ms
2026-02-19 22:47:51 [main] INFO  com.zaxxer.hikari.HikariDataSource - HikariPool-1 - Starting...
2026-02-19 22:47:52 [main] INFO  com.zaxxer.hikari.pool.HikariPool - HikariPool-1 - Added connection org.postgresql.jdbc.PgConnection@36d697ab
2026-02-19 22:47:52 [main] INFO  com.zaxxer.hikari.HikariDataSource - HikariPool-1 - Start completed.
2026-02-19 22:47:52 [main] INFO  o.h.jpa.internal.util.LogHelper - HHH000204: Processing PersistenceUnitInfo [name: default]
2026-02-19 22:47:52 [main] INFO  org.hibernate.Version - HHH000412: Hibernate ORM core version 7.1.8.Final
2026-02-19 22:47:53 [main] INFO  o.s.o.j.p.SpringPersistenceUnitInfo - No LoadTimeWeaver setup: ignoring JPA class transformer
2026-02-19 22:47:53 [main] WARN  org.hibernate.orm.deprecation - HHH90000025: PostgreSQLDialect does not need to be specified explicitly using 'hibernate.dialect' (remove the property setting and it will be selected by default)
2026-02-19 22:47:53 [main] INFO  o.hibernate.orm.connections.pooling - HHH10001005: Database info:
	Database JDBC URL [jdbc:postgresql://postgres:5432/fullDetails]
	Database driver: PostgreSQL JDBC Driver
	Database dialect: PostgreSQLDialect
	Database version: 16.11
	Default catalog/schema: fullDetails/public
	Autocommit mode: undefined/unknown
	Isolation level: READ_COMMITTED [default READ_COMMITTED]
	JDBC fetch size: none
	Pool: DatasourceConnectionProviderImpl
	Minimum pool size: undefined/unknown
	Maximum pool size: undefined/unknown
2026-02-19 22:47:55 [main] INFO  o.h.e.t.j.p.i.JtaPlatformInitiator - HHH000489: No JTA platform available (set 'hibernate.transaction.jta.platform' to enable JTA platform integration)
2026-02-19 22:47:55 [main] DEBUG org.hibernate.SQL - 
    set client_min_messages = WARNING
2026-02-19 22:47:55 [main] DEBUG org.hibernate.SQL - 
    alter table if exists case_files 
       drop constraint if exists FKga9g2n34bwd7xh4ccxsx98bfe
2026-02-19 22:47:55 [main] DEBUG org.hibernate.SQL - 
    alter table if exists case_files 
       drop constraint if exists FKq97x10ysy310jckh02s0pdntv
2026-02-19 22:47:55 [main] DEBUG org.hibernate.SQL - 
    alter table if exists case_requests 
       drop constraint if exists FKj7qqebncj0udvqdpntvx0yklb
2026-02-19 22:47:55 [main] DEBUG org.hibernate.SQL - 
    alter table if exists case_requests 
       drop constraint if exists FKptewc89oihmrvk52bvwunvmcp
2026-02-19 22:47:55 [main] DEBUG org.hibernate.SQL - 
    alter table if exists cases 
       drop constraint if exists FKeg3vv92i8tmpjd4boaeoi4f94
2026-02-19 22:47:55 [main] DEBUG org.hibernate.SQL - 
    alter table if exists cases 
       drop constraint if exists FK6l9dqxm562pqp8o6bwer6oyba
2026-02-19 22:47:55 [main] DEBUG org.hibernate.SQL - 
    alter table if exists cases 
       drop constraint if exists FK3xkk4p4hvu6kwe763a6i1hgu0
2026-02-19 22:47:55 [main] DEBUG org.hibernate.SQL - 
    alter table if exists model_results 
       drop constraint if exists FKe3xqqgcmy88kh2kngkcumpbo9
2026-02-19 22:47:55 [main] DEBUG org.hibernate.SQL - 
    alter table if exists notifications 
       drop constraint if exists FKqqnsjxlwleyjbxlmm213jaj3f
2026-02-19 22:47:55 [main] DEBUG org.hibernate.SQL - 
    drop table if exists case_files cascade
2026-02-19 22:47:55 [main] DEBUG org.hibernate.SQL - 
    drop table if exists case_requests cascade
2026-02-19 22:47:55 [main] DEBUG org.hibernate.SQL - 
    drop table if exists cases cascade
2026-02-19 22:47:55 [main] DEBUG org.hibernate.SQL - 
    drop table if exists model_results cascade
2026-02-19 22:47:55 [main] DEBUG org.hibernate.SQL - 
    drop table if exists notifications cascade
2026-02-19 22:47:55 [main] DEBUG org.hibernate.SQL - 
    drop table if exists users cascade
2026-02-19 22:47:55 [main] DEBUG org.hibernate.SQL - 
    create table case_files (
        uploaded_at timestamp(6),
        case_id uuid,
        id uuid not null,
        uploaded_by uuid,
        file_name varchar(255) not null,
        file_type varchar(255) check ((file_type in ('PDF','OTHER','DOCUMENT','IMAGE'))),
        file_url varchar(255),
        primary key (id)
    )
2026-02-19 22:47:55 [main] DEBUG org.hibernate.SQL - 
    create table case_requests (
        requested_at timestamp(6),
        case_id uuid not null,
        id uuid not null,
        lawyer_id uuid not null,
        status varchar(255) not null check ((status in ('PENDING','APPROVED','REJECTED'))),
        primary key (id)
    )
2026-02-19 22:47:55 [main] DEBUG org.hibernate.SQL - 
    create table cases (
        is_deleted boolean not null,
        created_at timestamp(6),
        assigned_by_id uuid,
        id uuid not null,
        judge_id uuid,
        lawyer_id uuid,
        description varchar(2000),
        case_number varchar(255) not null,
        court_ruling varchar(255),
        final_decision varchar(255),
        model_judgment varchar(255),
        model_summary varchar(255),
        status varchar(255) not null check ((status in ('PENDING','UNDER_DISCUSSION','COMPLETED'))),
        title varchar(255) not null,
        primary key (id)
    )
2026-02-19 22:47:55 [main] DEBUG org.hibernate.SQL - 
    create table model_results (
        confidence_score float(53) not null,
        created_at timestamp(6),
        case_id uuid unique,
        id uuid not null,
        judgment varchar(2000),
        summary varchar(5000),
        primary key (id)
    )
2026-02-19 22:47:55 [main] DEBUG org.hibernate.SQL - 
    create table notifications (
        is_read boolean not null,
        created_at timestamp(6),
        id uuid not null,
        recipient_id uuid not null,
        message varchar(255) not null,
        title varchar(255) not null,
        primary key (id)
    )
2026-02-19 22:47:55 [main] DEBUG org.hibernate.SQL - 
    create table users (
        age integer,
        assigned_cases_count integer,
        is_active boolean,
        is_approved boolean,
        is_deleted boolean,
        password_reseted boolean,
        created_at timestamp(6),
        otp_expiration_time timestamp(6),
        updated_at timestamp(6),
        id uuid not null,
        court varchar(255),
        email varchar(255) not null unique,
        first_name varchar(255) not null,
        last_name varchar(255) not null,
        national_id varchar(255) not null unique,
        otp_code varchar(255) not null,
        password varchar(255) not null,
        role varchar(255) not null check ((role in ('ADMIN','JUDGE','LAWYER','EMPTY'))),
        primary key (id)
    )
2026-02-19 22:47:55 [main] DEBUG org.hibernate.SQL - 
    create index idx_notification_recipient 
       on notifications (recipient_id)
2026-02-19 22:47:55 [main] DEBUG org.hibernate.SQL - 
    create index idx_notification_recipient_read 
       on notifications (recipient_id, is_read)
2026-02-19 22:47:55 [main] DEBUG org.hibernate.SQL - 
    alter table if exists case_files 
       add constraint FKga9g2n34bwd7xh4ccxsx98bfe 
       foreign key (case_id) 
       references cases
2026-02-19 22:47:55 [main] DEBUG org.hibernate.SQL - 
    alter table if exists case_files 
       add constraint FKq97x10ysy310jckh02s0pdntv 
       foreign key (uploaded_by) 
       references users
2026-02-19 22:47:55 [main] DEBUG org.hibernate.SQL - 
    alter table if exists case_requests 
       add constraint FKj7qqebncj0udvqdpntvx0yklb 
       foreign key (lawyer_id) 
       references users
2026-02-19 22:47:55 [main] DEBUG org.hibernate.SQL - 
    alter table if exists case_requests 
       add constraint FKptewc89oihmrvk52bvwunvmcp 
       foreign key (case_id) 
       references cases
2026-02-19 22:47:55 [main] DEBUG org.hibernate.SQL - 
    alter table if exists cases 
       add constraint FKeg3vv92i8tmpjd4boaeoi4f94 
       foreign key (assigned_by_id) 
       references users
2026-02-19 22:47:55 [main] DEBUG org.hibernate.SQL - 
    alter table if exists cases 
       add constraint FK6l9dqxm562pqp8o6bwer6oyba 
       foreign key (judge_id) 
       references users
2026-02-19 22:47:55 [main] DEBUG org.hibernate.SQL - 
    alter table if exists cases 
       add constraint FK3xkk4p4hvu6kwe763a6i1hgu0 
       foreign key (lawyer_id) 
       references users
2026-02-19 22:47:55 [main] DEBUG org.hibernate.SQL - 
    alter table if exists model_results 
       add constraint FKe3xqqgcmy88kh2kngkcumpbo9 
       foreign key (case_id) 
       references cases
2026-02-19 22:47:55 [main] DEBUG org.hibernate.SQL - 
    alter table if exists notifications 
       add constraint FKqqnsjxlwleyjbxlmm213jaj3f 
       foreign key (recipient_id) 
       references users
2026-02-19 22:47:55 [main] INFO  o.s.o.j.LocalContainerEntityManagerFactoryBean - Initialized JPA EntityManagerFactory for persistence unit 'default'
2026-02-19 22:47:55 [main] INFO  o.s.d.j.r.q.QueryEnhancerFactories - Hibernate is in classpath; If applicable, HQL parser will be used.
2026-02-19 22:47:56 [main] DEBUG c.f.f.c.s.JwtAuthenticationFilter - Filter 'jwtAuthenticationFilter' configured for use
2026-02-19 22:47:57 [main] TRACE o.s.c.a.AnnotationCacheOperationSource - Adding cacheable method 'getAllFullyAssignedCases' with operations: [Builder[public org.springframework.data.domain.Page com.fullDetailed.fullDetailedDemo.services.impl.admin.AdminCaseManagementServiceImpl.getAllFullyAssignedCases(org.springframework.data.domain.Pageable)] caches=[cases] | key=''fullyAssigned:' + #pageable.pageNumber' | keyGenerator='' | cacheManager='' | cacheResolver='' | condition='' | unless='' | sync='false']
2026-02-19 22:47:57 [main] TRACE o.s.c.a.AnnotationCacheOperationSource - Adding cacheable method 'importCasesFromCsv' with operations: [Builder[public void com.fullDetailed.fullDetailedDemo.services.impl.admin.AdminCaseManagementServiceImpl.importCasesFromCsv(org.springframework.web.multipart.MultipartFile)] caches=[cases] | key='' | keyGenerator='' | cacheManager='' | cacheResolver='' | condition='',true,false]
2026-02-19 22:47:57 [main] TRACE o.s.c.a.AnnotationCacheOperationSource - Adding cacheable method 'getCasesByStatus' with operations: [Builder[public org.springframework.data.domain.Page com.fullDetailed.fullDetailedDemo.services.impl.admin.AdminCaseManagementServiceImpl.getCasesByStatus(com.fullDetailed.fullDetailedDemo.domain.enums.CaseStatus,org.springframework.data.domain.Pageable)] caches=[cases] | key=''status:' + #status + ':' + #pageable.pageNumber + ':' + #pageable.pageSize' | keyGenerator='' | cacheManager='' | cacheResolver='' | condition='' | unless='' | sync='false']
2026-02-19 22:47:57 [main] TRACE o.s.c.a.AnnotationCacheOperationSource - Adding cacheable method 'getAllDeletedCases' with operations: [Builder[public org.springframework.data.domain.Page com.fullDetailed.fullDetailedDemo.services.impl.admin.AdminCaseManagementServiceImpl.getAllDeletedCases(org.springframework.data.domain.Pageable)] caches=[cases] | key=''deleted:' + #pageable.pageNumber' | keyGenerator='' | cacheManager='' | cacheResolver='' | condition='' | unless='' | sync='false']
2026-02-19 22:47:57 [main] TRACE o.s.c.a.AnnotationCacheOperationSource - Adding cacheable method 'assignCaseToJudge' with operations: [Builder[public void com.fullDetailed.fullDetailedDemo.services.impl.admin.AdminCaseManagementServiceImpl.assignCaseToJudge(java.util.UUID,java.util.UUID)] caches=[cases] | key='' | keyGenerator='' | cacheManager='' | cacheResolver='' | condition='',true,false]
2026-02-19 22:47:57 [main] TRACE o.s.c.a.AnnotationCacheOperationSource - Adding cacheable method 'uploadCaseFiles' with operations: [Builder[public java.util.List com.fullDetailed.fullDetailedDemo.services.impl.admin.AdminCaseManagementServiceImpl.uploadCaseFiles(java.util.UUID,java.util.List)] caches=[cases] | key='' | keyGenerator='' | cacheManager='' | cacheResolver='' | condition='',true,false]
2026-02-19 22:47:57 [main] TRACE o.s.c.a.AnnotationCacheOperationSource - Adding cacheable method 'createCase' with operations: [Builder[public com.fullDetailed.fullDetailedDemo.domain.dtos.Case.CaseResponseDto com.fullDetailed.fullDetailedDemo.services.impl.admin.AdminCaseManagementServiceImpl.createCase(com.fullDetailed.fullDetailedDemo.domain.dtos.Case.CaseRequestDto)] caches=[cases] | key='' | keyGenerator='' | cacheManager='' | cacheResolver='' | condition='',true,false]
2026-02-19 22:47:57 [main] TRACE o.s.c.a.AnnotationCacheOperationSource - Adding cacheable method 'getAllCases' with operations: [Builder[public org.springframework.data.domain.Page com.fullDetailed.fullDetailedDemo.services.impl.admin.AdminCaseManagementServiceImpl.getAllCases(org.springframework.data.domain.Pageable)] caches=[cases] | key=''all:'+#pageable.pageNumber+':'+ #pageable.pageSize' | keyGenerator='' | cacheManager='' | cacheResolver='' | condition='' | unless='' | sync='false']
2026-02-19 22:47:57 [main] TRACE o.s.c.a.AnnotationCacheOperationSource - Adding cacheable method 'getCaseById' with operations: [Builder[public com.fullDetailed.fullDetailedDemo.domain.dtos.Case.CaseResponseDto com.fullDetailed.fullDetailedDemo.services.impl.admin.AdminCaseManagementServiceImpl.getCaseById(java.util.UUID)] caches=[cases] | key=''id:' + #caseId' | keyGenerator='' | cacheManager='' | cacheResolver='' | condition='' | unless='' | sync='false']
2026-02-19 22:47:57 [main] TRACE o.s.c.a.AnnotationCacheOperationSource - Adding cacheable method 'updateCase' with operations: [Builder[public void com.fullDetailed.fullDetailedDemo.services.impl.admin.AdminCaseManagementServiceImpl.updateCase(java.util.UUID,com.fullDetailed.fullDetailedDemo.domain.dtos.Case.CaseRequestDto)] caches=[cases] | key='' | keyGenerator='' | cacheManager='' | cacheResolver='' | condition='',true,false]
2026-02-19 22:47:57 [main] TRACE o.s.c.a.AnnotationCacheOperationSource - Adding cacheable method 'deleteCase' with operations: [Builder[public void com.fullDetailed.fullDetailedDemo.services.impl.admin.AdminCaseManagementServiceImpl.deleteCase(java.util.UUID)] caches=[cases] | key='' | keyGenerator='' | cacheManager='' | cacheResolver='' | condition='',true,false]
2026-02-19 22:47:57 [main] TRACE o.s.c.a.AnnotationCacheOperationSource - Adding cacheable method 'activateUserById' with operations: [Builder[public void com.fullDetailed.fullDetailedDemo.services.impl.admin.AdminUserManagementServiceImpl.activateUserById(java.util.UUID)] caches=[user_profile] | key='#userId' | keyGenerator='' | cacheManager='' | cacheResolver='' | condition='',false,false, Builder[public void com.fullDetailed.fullDetailedDemo.services.impl.admin.AdminUserManagementServiceImpl.activateUserById(java.util.UUID)] caches=[users_list] | key='' | keyGenerator='' | cacheManager='' | cacheResolver='' | condition='',true,false]
2026-02-19 22:47:57 [main] TRACE o.s.c.a.AnnotationCacheOperationSource - Adding cacheable method 'deActivateUserById' with operations: [Builder[public void com.fullDetailed.fullDetailedDemo.services.impl.admin.AdminUserManagementServiceImpl.deActivateUserById(java.util.UUID)] caches=[user_profile] | key='#userId' | keyGenerator='' | cacheManager='' | cacheResolver='' | condition='',false,false, Builder[public void com.fullDetailed.fullDetailedDemo.services.impl.admin.AdminUserManagementServiceImpl.deActivateUserById(java.util.UUID)] caches=[users_list] | key='' | keyGenerator='' | cacheManager='' | cacheResolver='' | condition='',true,false]
2026-02-19 22:47:57 [main] TRACE o.s.c.a.AnnotationCacheOperationSource - Adding cacheable method 'deleteUserById' with operations: [Builder[public void com.fullDetailed.fullDetailedDemo.services.impl.admin.AdminUserManagementServiceImpl.deleteUserById(java.util.UUID)] caches=[user_profile] | key='#userId' | keyGenerator='' | cacheManager='' | cacheResolver='' | condition='',false,false, Builder[public void com.fullDetailed.fullDetailedDemo.services.impl.admin.AdminUserManagementServiceImpl.deleteUserById(java.util.UUID)] caches=[users_list] | key='' | keyGenerator='' | cacheManager='' | cacheResolver='' | condition='',true,false]
2026-02-19 22:47:57 [main] TRACE o.s.c.a.AnnotationCacheOperationSource - Adding cacheable method 'getAllLawyerProfile' with operations: [Builder[public org.springframework.data.domain.Page com.fullDetailed.fullDetailedDemo.services.impl.admin.AdminUserManagementServiceImpl.getAllLawyerProfile(org.springframework.data.domain.Pageable)] caches=[users_list] | key='{#root.methodName, #pageable}' | keyGenerator='' | cacheManager='' | cacheResolver='' | condition='' | unless='' | sync='false']
2026-02-19 22:47:57 [main] TRACE o.s.c.a.AnnotationCacheOperationSource - Adding cacheable method 'getAllJudgesProfile' with operations: [Builder[public org.springframework.data.domain.Page com.fullDetailed.fullDetailedDemo.services.impl.admin.AdminUserManagementServiceImpl.getAllJudgesProfile(org.springframework.data.domain.Pageable)] caches=[users_list] | key='{#root.methodName, #pageable}' | keyGenerator='' | cacheManager='' | cacheResolver='' | condition='' | unless='' | sync='false']
2026-02-19 22:47:57 [main] TRACE o.s.c.a.AnnotationCacheOperationSource - Adding cacheable method 'updateJudgeProfile' with operations: [Builder[public void com.fullDetailed.fullDetailedDemo.services.impl.admin.AdminUserManagementServiceImpl.updateJudgeProfile(java.util.UUID,com.fullDetailed.fullDetailedDemo.domain.dtos.judge.JudgeProfileDto)] caches=[user_profile] | key='#judgeId' | keyGenerator='' | cacheManager='' | cacheResolver='' | condition='',false,false, Builder[public void com.fullDetailed.fullDetailedDemo.services.impl.admin.AdminUserManagementServiceImpl.updateJudgeProfile(java.util.UUID,com.fullDetailed.fullDetailedDemo.domain.dtos.judge.JudgeProfileDto)] caches=[users_list] | key='' | keyGenerator='' | cacheManager='' | cacheResolver='' | condition='',true,false]
2026-02-19 22:47:57 [main] TRACE o.s.c.a.AnnotationCacheOperationSource - Adding cacheable method 'getAllActivatedLawyers' with operations: [Builder[public org.springframework.data.domain.Page com.fullDetailed.fullDetailedDemo.services.impl.admin.AdminUserManagementServiceImpl.getAllActivatedLawyers(org.springframework.data.domain.Pageable)] caches=[users_list] | key='{#root.methodName, #pageable}' | keyGenerator='' | cacheManager='' | cacheResolver='' | condition='' | unless='' | sync='false']
2026-02-19 22:47:57 [main] TRACE o.s.c.a.AnnotationCacheOperationSource - Adding cacheable method 'getAllDeactivatedLawyers' with operations: [Builder[public org.springframework.data.domain.Page com.fullDetailed.fullDetailedDemo.services.impl.admin.AdminUserManagementServiceImpl.getAllDeactivatedLawyers(org.springframework.data.domain.Pageable)] caches=[users_list] | key='{#root.methodName, #pageable}' | keyGenerator='' | cacheManager='' | cacheResolver='' | condition='' | unless='' | sync='false']
2026-02-19 22:47:57 [main] TRACE o.s.c.a.AnnotationCacheOperationSource - Adding cacheable method 'getAllApprovedLawyers' with operations: [Builder[public org.springframework.data.domain.Page com.fullDetailed.fullDetailedDemo.services.impl.admin.AdminUserManagementServiceImpl.getAllApprovedLawyers(org.springframework.data.domain.Pageable)] caches=[users_list] | key='{#root.methodName, #pageable}' | keyGenerator='' | cacheManager='' | cacheResolver='' | condition='' | unless='' | sync='false']
2026-02-19 22:47:57 [main] TRACE o.s.c.a.AnnotationCacheOperationSource - Adding cacheable method 'getAllRejectedLawyers' with operations: [Builder[public org.springframework.data.domain.Page com.fullDetailed.fullDetailedDemo.services.impl.admin.AdminUserManagementServiceImpl.getAllRejectedLawyers(org.springframework.data.domain.Pageable)] caches=[users_list] | key='{#root.methodName, #pageable}' | keyGenerator='' | cacheManager='' | cacheResolver='' | condition='' | unless='' | sync='false']
2026-02-19 22:47:57 [main] TRACE o.s.c.a.AnnotationCacheOperationSource - Adding cacheable method 'acceptLawyerApprovalById' with operations: [Builder[public void com.fullDetailed.fullDetailedDemo.services.impl.admin.AdminUserManagementServiceImpl.acceptLawyerApprovalById(java.util.UUID)] caches=[user_profile] | key='#userId' | keyGenerator='' | cacheManager='' | cacheResolver='' | condition='',false,false, Builder[public void com.fullDetailed.fullDetailedDemo.services.impl.admin.AdminUserManagementServiceImpl.acceptLawyerApprovalById(java.util.UUID)] caches=[users_list] | key='' | keyGenerator='' | cacheManager='' | cacheResolver='' | condition='',true,false]
2026-02-19 22:47:57 [main] TRACE o.s.c.a.AnnotationCacheOperationSource - Adding cacheable method 'rejectLawyerApprovalById' with operations: [Builder[public void com.fullDetailed.fullDetailedDemo.services.impl.admin.AdminUserManagementServiceImpl.rejectLawyerApprovalById(java.util.UUID)] caches=[user_profile] | key='#userId' | keyGenerator='' | cacheManager='' | cacheResolver='' | condition='',false,false, Builder[public void com.fullDetailed.fullDetailedDemo.services.impl.admin.AdminUserManagementServiceImpl.rejectLawyerApprovalById(java.util.UUID)] caches=[users_list] | key='' | keyGenerator='' | cacheManager='' | cacheResolver='' | condition='',true,false]
2026-02-19 22:47:57 [main] TRACE o.s.c.a.AnnotationCacheOperationSource - Adding cacheable method 'getAllActivatedJudges' with operations: [Builder[public org.springframework.data.domain.Page com.fullDetailed.fullDetailedDemo.services.impl.admin.AdminUserManagementServiceImpl.getAllActivatedJudges(org.springframework.data.domain.Pageable)] caches=[users_list] | key='{#root.methodName, #pageable}' | keyGenerator='' | cacheManager='' | cacheResolver='' | condition='' | unless='' | sync='false']
2026-02-19 22:47:57 [main] TRACE o.s.c.a.AnnotationCacheOperationSource - Adding cacheable method 'getAllDeactivatedJudges' with operations: [Builder[public org.springframework.data.domain.Page com.fullDetailed.fullDetailedDemo.services.impl.admin.AdminUserManagementServiceImpl.getAllDeactivatedJudges(org.springframework.data.domain.Pageable)] caches=[users_list] | key='{#root.methodName, #pageable}' | keyGenerator='' | cacheManager='' | cacheResolver='' | condition='' | unless='' | sync='false']
2026-02-19 22:47:57 [main] TRACE o.s.c.a.AnnotationCacheOperationSource - Adding cacheable method 'getAllCaseRequestsByStatus' with operations: [Builder[public org.springframework.data.domain.Page com.fullDetailed.fullDetailedDemo.services.impl.admin.AdminUserManagementServiceImpl.getAllCaseRequestsByStatus(com.fullDetailed.fullDetailedDemo.domain.enums.RequestStatus,org.springframework.data.domain.Pageable)] caches=[case_requests] | key='{#status, #pageable}' | keyGenerator='' | cacheManager='' | cacheResolver='' | condition='' | unless='' | sync='false']
2026-02-19 22:47:57 [main] TRACE o.s.c.a.AnnotationCacheOperationSource - Adding cacheable method 'approveCaseAccessRequest' with operations: [Builder[public void com.fullDetailed.fullDetailedDemo.services.impl.admin.AdminUserManagementServiceImpl.approveCaseAccessRequest(java.util.UUID)] caches=[case_requests] | key='' | keyGenerator='' | cacheManager='' | cacheResolver='' | condition='',true,false, Builder[public void com.fullDetailed.fullDetailedDemo.services.impl.admin.AdminUserManagementServiceImpl.approveCaseAccessRequest(java.util.UUID)] caches=[users_list] | key='' | keyGenerator='' | cacheManager='' | cacheResolver='' | condition='',true,false, Builder[public void com.fullDetailed.fullDetailedDemo.services.impl.admin.AdminUserManagementServiceImpl.approveCaseAccessRequest(java.util.UUID)] caches=[user_profile] | key='' | keyGenerator='' | cacheManager='' | cacheResolver='' | condition='',true,false]
2026-02-19 22:47:57 [main] TRACE o.s.c.a.AnnotationCacheOperationSource - Adding cacheable method 'rejectCaseAccessRequest' with operations: [Builder[public void com.fullDetailed.fullDetailedDemo.services.impl.admin.AdminUserManagementServiceImpl.rejectCaseAccessRequest(java.util.UUID)] caches=[case_requests] | key='' | keyGenerator='' | cacheManager='' | cacheResolver='' | condition='',true,false]
2026-02-19 22:47:57 [main] TRACE o.s.c.a.AnnotationCacheOperationSource - Adding cacheable method 'getAllCaseRequests' with operations: [Builder[public org.springframework.data.domain.Page com.fullDetailed.fullDetailedDemo.services.impl.admin.AdminUserManagementServiceImpl.getAllCaseRequests(org.springframework.data.domain.Pageable)] caches=[case_requests] | key='{#status, #pageable}' | keyGenerator='' | cacheManager='' | cacheResolver='' | condition='' | unless='' | sync='false']
2026-02-19 22:47:57 [main] TRACE o.s.c.a.AnnotationCacheOperationSource - Adding cacheable method 'createUser' with operations: [Builder[public com.fullDetailed.fullDetailedDemo.domain.dtos.judge.UserResponseDto com.fullDetailed.fullDetailedDemo.services.impl.admin.AdminUserManagementServiceImpl.createUser(com.fullDetailed.fullDetailedDemo.domain.dtos.judge.CreateUserDto)] caches=[users_list] | key='' | keyGenerator='' | cacheManager='' | cacheResolver='' | condition='',true,false]
2026-02-19 22:47:57 [main] TRACE o.s.c.a.AnnotationCacheOperationSource - Adding cacheable method 'getUserById' with operations: [Builder[public com.fullDetailed.fullDetailedDemo.domain.dtos.UserProfileResponseDto com.fullDetailed.fullDetailedDemo.services.impl.admin.AdminUserManagementServiceImpl.getUserById(java.util.UUID)] caches=[user_profile] | key='#userId' | keyGenerator='' | cacheManager='' | cacheResolver='' | condition='' | unless='' | sync='false']
2026-02-19 22:47:58 [main] WARN  o.s.b.j.a.JpaBaseConfiguration$JpaWebConfiguration - spring.jpa.open-in-view is enabled by default. Therefore, database queries may be performed during view rendering. Explicitly configure spring.jpa.open-in-view to disable this warning
2026-02-19 22:47:58 [main] INFO  o.s.s.c.a.a.c.InitializeUserDetailsBeanManagerConfigurer$InitializeUserDetailsManagerConfigurer - Global AuthenticationManager configured with UserDetailsService bean with name customUserServiceDetails
2026-02-19 22:48:00 [main] INFO  o.s.m.s.b.SimpleBrokerMessageHandler - Starting...
2026-02-19 22:48:00 [main] INFO  o.s.m.s.b.SimpleBrokerMessageHandler - BrokerAvailabilityEvent[available=true, SimpleBrokerMessageHandler [org.springframework.messaging.simp.broker.DefaultSubscriptionRegistry@21fbfdd5]]
2026-02-19 22:48:00 [main] INFO  o.s.m.s.b.SimpleBrokerMessageHandler - Started.
2026-02-19 22:48:00 [main] INFO  o.s.boot.tomcat.TomcatWebServer - Tomcat started on port 8080 (http) with context path '/'
2026-02-19 22:48:00 [main] INFO  c.f.fullDetailedDemo.Elmostashar - Started Elmostashar in 12.945 seconds (process running for 14.103)
2026-02-19 22:48:56 [http-nio-8080-exec-1] INFO  o.a.c.c.C.[Tomcat].[localhost].[/] - Initializing Spring DispatcherServlet 'dispatcherServlet'
2026-02-19 22:48:56 [http-nio-8080-exec-1] INFO  o.s.web.servlet.DispatcherServlet - Initializing Servlet 'dispatcherServlet'
2026-02-19 22:48:56 [http-nio-8080-exec-1] INFO  o.s.web.servlet.DispatcherServlet - Completed initialization in 4 ms
2026-02-19 22:48:59 [http-nio-8080-exec-9] INFO  o.s.api.AbstractOpenApiResource - Init duration for springdoc-openapi is: 1635 ms
2026-02-19 22:49:00 [MessageBroker-1] INFO  o.s.w.s.c.WebSocketMessageBrokerStats - WebSocketSession[0 current WS(0)-HttpStream(0)-HttpPoll(0), 0 total, 0 closed abnormally (0 connect failure, 0 send limit, 0 transport error)], stompSubProtocol[processed CONNECT(0)-CONNECTED(0)-DISCONNECT(0)], stompBrokerRelay[null], inboundChannel[pool size = 0, active threads = 0, queued tasks = 0, completed tasks = 0], outboundChannel[pool size = 0, active threads = 0, queued tasks = 0, completed tasks = 0], sockJsScheduler[pool size = 1, active threads = 1, queued tasks = 0, completed tasks = 0]
2026-02-19 22:49:54 [http-nio-8080-exec-1] INFO  c.f.f.AOP.LoggingAspect - ========================================
2026-02-19 22:49:54 [http-nio-8080-exec-1] INFO  c.f.f.AOP.LoggingAspect - ==== ENTERING====: AuthServiceImpl.register
2026-02-19 22:49:54 [http-nio-8080-exec-1] INFO  c.f.f.AOP.LoggingAspect -    Arg[0]: RegisterRequestDto(firstName=youssef, lastName=lawyer, email=youssefehab20004@gmail.com, nationalId=30408171201237, password=12345678, confirmPassword=12345678, age=null)
2026-02-19 22:49:55 [http-nio-8080-exec-1] DEBUG org.hibernate.SQL - 
    select
        u1_0.id 
    from
        users u1_0 
    where
        u1_0.email=? 
    fetch
        first ? rows only
2026-02-19 22:49:55 [http-nio-8080-exec-1] DEBUG org.hibernate.SQL - 
    select
        u1_0.id 
    from
        users u1_0 
    where
        u1_0.national_id=? 
    fetch
        first ? rows only
2026-02-19 22:49:55 [http-nio-8080-exec-1] DEBUG org.hibernate.SQL - 
    insert 
    into
        users
        (age, assigned_cases_count, court, created_at, email, first_name, is_active, is_approved, is_deleted, password_reseted, last_name, national_id, otp_code, otp_expiration_time, password, role, updated_at, id) 
    values
        (?, ?, ?, ?, ?, ?, ?, ?, ?, ?, ?, ?, ?, ?, ?, ?, ?, ?)
2026-02-19 22:49:55 [email-1] INFO  c.f.f.AOP.LoggingAspect - ========================================
2026-02-19 22:49:55 [http-nio-8080-exec-1] INFO  c.f.f.AOP.LoggingAspect - ==== COMPLETED=====: AuthServiceImpl.register
2026-02-19 22:49:55 [email-1] INFO  c.f.f.AOP.LoggingAspect - ==== ENTERING====: EmailServiceImpl.sendOtpEmail
2026-02-19 22:49:55 [email-1] INFO  c.f.f.AOP.LoggingAspect -    Arg[0]: youssefehab20004@gmail.com
2026-02-19 22:49:55 [http-nio-8080-exec-1] INFO  c.f.f.AOP.LoggingAspect -    Duration: 1340 ms
2026-02-19 22:49:55 [email-1] INFO  c.f.f.AOP.LoggingAspect -    Arg[1]: 165731
2026-02-19 22:49:55 [http-nio-8080-exec-1] INFO  c.f.f.AOP.LoggingAspect -    Result: RegisterResponseDto(id=fce4d79d-0342-4120-be8b-c54efb9a2135, firstName=youssef, lastName=lawyer, email=youssefehab20004@gmail.com, nationalId=30408171201237, age=null)
2026-02-19 22:49:55 [http-nio-8080-exec-1] INFO  c.f.f.AOP.LoggingAspect - ========================================
2026-02-19 22:49:59 [email-1] INFO  c.f.f.s.i.e.EmailServiceImpl - Email sent to youssefehab20004@gmail.com
2026-02-19 22:49:59 [email-1] INFO  c.f.f.AOP.LoggingAspect - ==== COMPLETED=====: EmailServiceImpl.sendOtpEmail
2026-02-19 22:49:59 [email-1] INFO  c.f.f.AOP.LoggingAspect -    Duration: 3785 ms
2026-02-19 22:49:59 [email-1] INFO  c.f.f.AOP.LoggingAspect -    Result: null
2026-02-19 22:49:59 [email-1] INFO  c.f.f.AOP.LoggingAspect - ========================================
2026-02-19 22:51:13 [SpringApplicationShutdownHook] INFO  o.s.boot.tomcat.GracefulShutdown - Commencing graceful shutdown. Waiting for active requests to complete
2026-02-19 22:51:13 [tomcat-shutdown] INFO  o.s.boot.tomcat.GracefulShutdown - Graceful shutdown complete
2026-02-19 22:51:13 [SpringApplicationShutdownHook] INFO  o.s.m.s.b.SimpleBrokerMessageHandler - Stopping...
2026-02-19 22:51:13 [SpringApplicationShutdownHook] INFO  o.s.m.s.b.SimpleBrokerMessageHandler - BrokerAvailabilityEvent[available=false, SimpleBrokerMessageHandler [org.springframework.messaging.simp.broker.DefaultSubscriptionRegistry@21fbfdd5]]
2026-02-19 22:51:13 [SpringApplicationShutdownHook] INFO  o.s.m.s.b.SimpleBrokerMessageHandler - Stopped.
2026-02-19 22:51:13 [SpringApplicationShutdownHook] INFO  o.s.o.j.LocalContainerEntityManagerFactoryBean - Closing JPA EntityManagerFactory for persistence unit 'default'
2026-02-19 22:51:13 [SpringApplicationShutdownHook] INFO  com.zaxxer.hikari.HikariDataSource - HikariPool-1 - Shutdown initiated...
2026-02-19 22:51:13 [SpringApplicationShutdownHook] INFO  com.zaxxer.hikari.HikariDataSource - HikariPool-1 - Shutdown completed.
